Drug Name,Drug ID,Cell Line Name,Cosmic ID,TCGA Classification,Tissue,Tissue Sub-type,IC50,AUC,Max Conc,RMSE,Z score
Cetuximab,1114,CTV-1,753548,LAML,blood,acute_myeloid_leukaemia,6.192231428,0.992912907,65.8,0.02519825,0.20772029
Cetuximab,1114,HL-60,905938,LAML,blood,acute_myeloid_leukaemia,6.751015738,0.989875715,65.8,0.027267744,0.757863576
Cetuximab,1114,GDM-1,906870,LAML,blood,acute_myeloid_leukaemia,6.712075992,0.979350371,65.8,0.045665752,0.719525994
Cetuximab,1114,HEL,907053,LAML,blood,acute_myeloid_leukaemia,5.369239636,0.976894645,65.8,0.106585128,-0.602544784
Cetuximab,1114,KASUMI-1,907275,LAML,blood,acute_myeloid_leukaemia,6.572101003,0.981079238,65.8,0.044336359,0.581715573
Cetuximab,1114,KG-1,907278,LAML,blood,acute_myeloid_leukaemia,6.749148967,0.990327129,65.8,0.026849744,0.756025674
Cetuximab,1114,KMOE-2,907280,LAML,blood,acute_myeloid_leukaemia,6.423136459,0.985904363,65.8,0.038986447,0.435054613
Cetuximab,1114,ML-2,908141,LAML,blood,acute_myeloid_leukaemia,6.588418243,0.990374773,65.8,0.027269179,0.597780485
Cetuximab,1114,MONO-MAC-6,908148,LAML,blood,acute_myeloid_leukaemia,6.68570034,0.977399025,65.8,0.048911139,0.693558214
Cetuximab,1114,NKM-1,908448,LAML,blood,acute_myeloid_leukaemia,6.682543119,0.976556076,65.8,0.050203875,0.690449816
Cetuximab,1114,NOMO-1,908451,LAML,blood,acute_myeloid_leukaemia,6.676621721,0.974068484,65.8,0.122415351,0.684619986
Cetuximab,1114,P31-FUJ,909253,LAML,blood,acute_myeloid_leukaemia,6.011513166,0.994392458,65.8,0.022058143,0.029796649
Cetuximab,1114,THP-1,909771,LAML,blood,acute_myeloid_leukaemia,6.368264808,0.989489362,65.8,0.030914949,0.381031495
Cetuximab,1114,QIMR-WIL,910545,LAML,blood,acute_myeloid_leukaemia,5.645938914,0.962147422,65.8,0.030135759,-0.330124374
Cetuximab,1114,CMK,910566,LAML,blood,acute_myeloid_leukaemia,6.064881329,0.992371878,65.8,0.030967523,0.082339529
Cetuximab,1114,CESS,910688,LAML,blood,acute_myeloid_leukaemia,6.023784219,0.985863756,65.8,0.02792824,0.041877943
Cetuximab,1114,OCI-AML2,910947,LAML,blood,acute_myeloid_leukaemia,5.70791611,0.993178819,65.8,0.028916254,-0.269105592
Cetuximab,1114,OCI-AML3,1290455,LAML,blood,acute_myeloid_leukaemia,6.324797489,0.987591517,65.8,0.039758842,0.338236353
Cetuximab,1114,NB4,1323913,LAML,blood,acute_myeloid_leukaemia,5.617411753,0.985769915,65.8,0.057515478,-0.358210392
Cetuximab,1114,ME-1,1330942,LAML,blood,acute_myeloid_leukaemia,6.9307672,0.986787467,65.8,0.033138828,0.934835368
Cetuximab,1114,MOLM-13,1330947,LAML,blood,acute_myeloid_leukaemia,6.306439278,0.976324794,65.8,0.044129482,0.320162033
Cetuximab,1114,MOLM-16,1330948,LAML,blood,acute_myeloid_leukaemia,6.496999909,0.9901219,65.8,0.028494271,0.50777584
Cetuximab,1114,OCI-AML5,1330983,LAML,blood,acute_myeloid_leukaemia,6.688023453,0.991951818,65.8,0.023273716,0.695845403
Cetuximab,1114,OCI-M1,1330985,LAML,blood,acute_myeloid_leukaemia,5.763504522,0.994072706,65.8,0.025531828,-0.214376797
Cetuximab,1114,PL-21,1330991,LAML,blood,acute_myeloid_leukaemia,7.221305181,0.980130134,65.8,0.033952255,1.220880479
Cetuximab,1114,SW13,909744,ACC,kidney,adrenal_gland,6.46551414,0.982666266,65.8,0.030155103,0.476776967
Cetuximab,1114,KARPAS-299,907273,UNCLASSIFIED,blood,anaplastic_large_cell_lymphoma,5.794874505,0.97928609,65.8,0.040723924,-0.183491919
Cetuximab,1114,SUP-M2,1331040,UNCLASSIFIED,blood,anaplastic_large_cell_lymphoma,6.16423529,0.992867658,65.8,0.153221265,0.180157083
Cetuximab,1114,MHH-CALL-2,908132,UNCLASSIFIED,blood,B_cell_leukemia,5.28704027,0.992803855,65.8,0.067476602,-0.68347302
Cetuximab,1114,MHH-PREB-1,908136,UNCLASSIFIED,blood,B_cell_leukemia,6.258346275,0.986642327,65.8,0.037812659,0.272812739
Cetuximab,1114,MN-60,908143,UNCLASSIFIED,blood,B_cell_leukemia,6.925216713,0.980694901,65.8,0.040702433,0.929370713
Cetuximab,1114,NALM-6,908158,UNCLASSIFIED,blood,B_cell_leukemia,5.998025478,0.98928807,65.8,0.035293947,0.016517534
Cetuximab,1114,REH,909696,UNCLASSIFIED,blood,B_cell_leukemia,6.335704972,0.984925692,65.8,0.040221545,0.348975163
Cetuximab,1114,U-698-M,909777,UNCLASSIFIED,blood,B_cell_leukemia,6.81732763,0.981515601,65.8,0.041289737,0.823150023
Cetuximab,1114,SUP-B8,910209,UNCLASSIFIED,blood,B_cell_leukemia,7.280424203,0.978817578,65.8,0.041717841,1.279085286
Cetuximab,1114,BALL-1,910705,UNCLASSIFIED,blood,B_cell_leukemia,6.416791887,0.980920032,65.8,0.101853161,0.428808153
Cetuximab,1114,KARPAS-231,1327774,UNCLASSIFIED,blood,B_cell_leukemia,5.747084676,0.992475149,65.8,0.030450147,-0.230542727
Cetuximab,1114,KOPN-8,1330933,UNCLASSIFIED,blood,B_cell_leukemia,6.043647771,0.988828341,65.8,0.035988632,0.061434325
Cetuximab,1114,RCH-ACV,1330994,UNCLASSIFIED,blood,B_cell_leukemia,5.917791886,0.990191831,65.8,0.045465876,-0.062475328
Cetuximab,1114,ROS-50,1331025,UNCLASSIFIED,blood,B_cell_leukemia,7.25868641,0.981020536,65.8,0.039685263,1.257683646
Cetuximab,1114,CRO-AP2,906807,DLBC,blood,B_cell_lymphoma,6.297521626,0.988664088,65.8,0.028987248,0.311382284
Cetuximab,1114,DB,906832,DLBC,blood,B_cell_lymphoma,7.021973847,0.97503253,65.8,0.049131438,1.024631598
Cetuximab,1114,HT,907063,DLBC,blood,B_cell_lymphoma,6.518714716,0.986962116,65.8,0.034572919,0.529154851
Cetuximab,1114,KARPAS-422,907274,DLBC,blood,B_cell_lymphoma,6.919965506,0.981458212,65.8,0.040508301,0.924200711
Cetuximab,1114,MC116,907799,DLBC,blood,B_cell_lymphoma,5.303001729,0.997211147,65.8,0.024791804,-0.66775839
Cetuximab,1114,TUR,909773,DLBC,blood,B_cell_lymphoma,6.242827953,0.984095177,65.8,0.039529911,0.257534392
Cetuximab,1114,RL,910861,DLBC,blood,B_cell_lymphoma,6.590226943,0.986960206,65.8,0.044830983,0.599561215
Cetuximab,1114,BC-1,910919,DLBC,blood,B_cell_lymphoma,6.080615339,0.989450172,65.8,0.033938252,0.097830229
Cetuximab,1114,A4-Fuk,910934,DLBC,blood,B_cell_lymphoma,6.718656174,0.986031855,65.8,0.026956474,0.72600442
Cetuximab,1114,A3-KAW,910935,DLBC,blood,B_cell_lymphoma,5.995120204,0.992954928,65.8,0.031634075,0.013657187
Cetuximab,1114,CTB-1,949088,DLBC,blood,B_cell_lymphoma,7.245743419,0.971924176,65.8,0.051472507,1.244940804
Cetuximab,1114,Farage,1297449,DLBC,blood,B_cell_lymphoma,5.444471215,0.978338964,65.8,0.058338988,-0.528476583
Cetuximab,1114,JEKO-1,1327765,DLBC,blood,B_cell_lymphoma,6.363120626,0.984746951,65.8,0.04024702,0.375966862
Cetuximab,1114,JM1,1327768,DLBC,blood,B_cell_lymphoma,6.38696259,0.993442459,65.8,0.019663279,0.399440135
Cetuximab,1114,JSC-1,1327769,DLBC,blood,B_cell_lymphoma,5.507972926,0.95780261,65.8,0.058572727,-0.46595686
Cetuximab,1114,KARPAS-1106P,1327773,DLBC,blood,B_cell_lymphoma,6.109207594,0.992070897,65.8,0.02745575,0.125980334
Cetuximab,1114,NU-DUL-1,1330982,DLBC,blood,B_cell_lymphoma,5.74811464,0.987881079,65.8,0.030943207,-0.22952869
Cetuximab,1114,OCI-LY-19,1330984,DLBC,blood,B_cell_lymphoma,6.187087408,0.986316934,65.8,0.038485979,0.202655817
Cetuximab,1114,RC-K8,1330995,DLBC,blood,B_cell_lymphoma,5.70828847,0.979312277,65.8,0.084355389,-0.268738989
Cetuximab,1114,SC-1,1331030,,blood,B_cell_lymphoma,6.296589099,0.98716969,65.8,0.036353979,0.310464177
Cetuximab,1114,SLVL,1331032,DLBC,blood,B_cell_lymphoma,6.55532744,0.981467854,65.8,0.065989322,0.565201397
Cetuximab,1114,SU-DHL-10,1331033,DLBC,blood,B_cell_lymphoma,5.437529816,0.99715475,65.8,0.100511429,-0.535310641
Cetuximab,1114,SU-DHL-16,1331034,DLBC,blood,B_cell_lymphoma,5.341486621,0.992884932,65.8,0.03447586,-0.629868627
Cetuximab,1114,SU-DHL-4,1331035,DLBC,blood,B_cell_lymphoma,5.34575928,0.997216372,65.8,0.018377914,-0.625662039
Cetuximab,1114,SU-DHL-5,1331036,DLBC,blood,B_cell_lymphoma,5.93757462,0.99516607,65.8,0.025042317,-0.042998513
Cetuximab,1114,SU-DHL-6,1331037,DLBC,blood,B_cell_lymphoma,5.445758501,0.992566143,65.8,0.022321857,-0.527209204
Cetuximab,1114,SU-DHL-8,1331038,DLBC,blood,B_cell_lymphoma,6.288022394,0.986791453,65.8,0.037192465,0.302029947
Cetuximab,1114,TK,1331045,DLBC,blood,B_cell_lymphoma,5.747192259,0.977761657,65.8,0.028392272,-0.230436808
Cetuximab,1114,WSU-DLCL2,1331050,DLBC,blood,B_cell_lymphoma,6.041825971,0.986179345,65.8,0.041946167,0.059640698
Cetuximab,1114,ETK-1,906861,UNCLASSIFIED,digestive_system,biliary_tract,5.392486441,0.9450753,65.8,0.082333802,-0.579657466
Cetuximab,1114,HuCCT1,907069,UNCLASSIFIED,digestive_system,biliary_tract,5.671549566,0.959379338,65.8,0.068823789,-0.304909765
Cetuximab,1114,TGBC1TKB,909769,UNCLASSIFIED,digestive_system,biliary_tract,6.213364628,0.977677789,65.8,0.080099415,0.228526687
Cetuximab,1114,TGBC24TKB,910695,UNCLASSIFIED,digestive_system,biliary_tract,4.822708895,0.922967973,65.8,0.228271351,-1.140623991
Cetuximab,1114,5637,687452,BLCA,urogenital_system,bladder,5.181082138,0.958759727,65.8,0.141621449,-0.78779262
Cetuximab,1114,RT4,687455,BLCA,urogenital_system,bladder,6.994619976,0.985621914,65.8,0.067557026,0.997700727
Cetuximab,1114,SW780,687457,BLCA,urogenital_system,bladder,5.203667305,0.934987708,65.8,0.158996973,-0.765556709
Cetuximab,1114,TCCSUP,687459,BLCA,urogenital_system,bladder,5.050923633,0.918869338,65.8,0.236837677,-0.915938358
Cetuximab,1114,T24,724812,BLCA,urogenital_system,bladder,5.772883133,0.962798316,65.8,0.138903113,-0.205143217
Cetuximab,1114,UM-UC-3,724838,BLCA,urogenital_system,bladder,6.248757565,0.984156628,65.8,0.119532322,0.263372308
Cetuximab,1114,DSH1,753552,BLCA,urogenital_system,bladder,5.972735479,0.977917298,65.8,0.071305615,-0.008381381
Cetuximab,1114,J82,753566,BLCA,urogenital_system,bladder,6.452115785,0.979591679,65.8,0.090972343,0.463585803
Cetuximab,1114,LB831-BLC,753584,BLCA,urogenital_system,bladder,5.363349217,0.951459336,65.8,0.172690554,-0.608344113
Cetuximab,1114,647-V,906797,BLCA,urogenital_system,bladder,6.280513128,0.976344309,65.8,0.114932324,0.294636805
Cetuximab,1114,639-V,906798,BLCA,urogenital_system,bladder,5.33216208,0.968080381,65.8,0.105028194,-0.639048973
Cetuximab,1114,HT-1197,907065,BLCA,urogenital_system,bladder,7.108376944,0.975668997,65.8,0.033529974,1.10969856
Cetuximab,1114,HT-1376,907066,BLCA,urogenital_system,bladder,5.812063872,0.950103574,65.8,0.104315697,-0.166568367
Cetuximab,1114,KU-19-19,907312,BLCA,urogenital_system,bladder,6.310324449,0.984711621,65.8,0.054500038,0.323987124
Cetuximab,1114,RT-112,909704,BLCA,urogenital_system,bladder,5.553343152,0.951151066,65.8,0.165263634,-0.421288238
Cetuximab,1114,SW1710,909749,BLCA,urogenital_system,bladder,5.879252699,0.967096197,65.8,0.085436207,-0.100418546
Cetuximab,1114,BFTC-905,910926,BLCA,urogenital_system,bladder,6.266554877,0.986291097,65.8,0.080405035,0.280894403
Cetuximab,1114,CAL-29,1290730,BLCA,urogenital_system,bladder,4.794319275,0.918285977,65.8,0.145604436,-1.168574594
Cetuximab,1114,SJSA-1,909717,UNCLASSIFIED,bone,bone_other,6.063460473,0.957640226,65.8,0.112028139,0.080940644
Cetuximab,1114,CS1,1290795,UNCLASSIFIED,bone,bone_other,5.433777334,0.944462093,65.8,0.185322785,-0.539005094
Cetuximab,1114,HCC1954,749709,BRCA,breast,breast,6.083112117,0.965845517,65.8,0.149244955,0.100288397
Cetuximab,1114,HCC1143,749710,BRCA,breast,breast,7.190432976,0.969202361,65.8,0.0797529,1.19048568
Cetuximab,1114,HCC1187,749711,BRCA,breast,breast,6.321664897,0.98685115,65.8,0.069868524,0.335152204
Cetuximab,1114,HCC1395,749712,BRCA,breast,breast,6.341715429,0.960801076,65.8,0.090088007,0.354892674
Cetuximab,1114,HCC1937,749714,BRCA,breast,breast,6.100594259,0.962176822,65.8,0.084667456,0.117500195
Cetuximab,1114,HCC2157,749715,BRCA,breast,breast,6.774257832,0.984136976,65.8,0.037370846,0.780746255
Cetuximab,1114,HCC2218,749716,BRCA,breast,breast,7.528767444,0.97512329,65.8,0.04514284,1.523588155
Cetuximab,1114,HCC38,749717,BRCA,breast,breast,5.073422367,0.928305006,65.8,0.10984334,-0.893787544
Cetuximab,1114,T47D,905945,BRCA,breast,breast,7.364169187,0.970852635,65.8,0.042155801,1.36153524
Cetuximab,1114,MCF7,905946,BRCA,breast,breast,6.407528691,0.980139738,65.8,0.09251634,0.419688202
Cetuximab,1114,BT-549,905951,BRCA,breast,breast,6.742433618,0.975296734,65.8,0.043377629,0.74941417
Cetuximab,1114,Hs-578-T,905957,BRCA,breast,breast,5.401124778,0.945960645,65.8,0.127127072,-0.571152712
Cetuximab,1114,MDA-MB-231,905960,BRCA,breast,breast,5.982163211,0.964976562,65.8,0.085756847,0.000900561
Cetuximab,1114,BT-20,906801,BRCA,breast,breast,4.331066896,0.866076233,65.8,0.149413091,-1.624663253
Cetuximab,1114,COLO-824,906812,BRCA,breast,breast,6.899228437,0.984969698,65.8,0.025871328,0.903784319
Cetuximab,1114,CAL-120,906826,BRCA,breast,breast,6.509650463,0.964557045,65.8,0.029145086,0.520230767
Cetuximab,1114,DU-4475,906844,BRCA,breast,breast,6.384948137,0.990984811,65.8,0.033177622,0.397456834
Cetuximab,1114,EFM-19,906851,BRCA,breast,breast,7.32412041,0.971720277,65.8,0.054320598,1.322105776
Cetuximab,1114,EVSA-T,906862,BRCA,breast,breast,6.353600492,0.987635233,65.8,0.061465466,0.366593948
Cetuximab,1114,HCC1419,907045,BRCA,breast,breast,6.716406329,0.96758499,65.8,0.080106803,0.723789366
Cetuximab,1114,HCC1569,907046,BRCA,breast,breast,6.326052917,0.962187162,65.8,0.065389703,0.339472368
Cetuximab,1114,HCC1806,907047,UNCLASSIFIED,breast,breast,5.369370627,0.962056061,65.8,0.10435298,-0.602415818
Cetuximab,1114,HCC70,907048,BRCA,breast,breast,5.735103621,0.959558823,65.8,0.043594568,-0.242338507
Cetuximab,1114,MDA-MB-175-VII,908120,BRCA,breast,breast,5.441588241,0.943419455,65.8,0.099785682,-0.531314975
Cetuximab,1114,MDA-MB-361,908121,BRCA,breast,breast,6.178995027,0.97605229,65.8,0.022619894,0.194688576
Cetuximab,1114,MDA-MB-453,908122,BRCA,breast,breast,6.208179719,0.974927384,65.8,0.035410613,0.223421957
Cetuximab,1114,MDA-MB-468,908123,BRCA,breast,breast,3.288718092,0.791210768,65.8,0.204462823,-2.650893208
Cetuximab,1114,MRK-nu-1,908151,BRCA,breast,breast,6.823417605,0.982393118,65.8,0.038140138,0.829145823
Cetuximab,1114,OCUB-M,909256,BRCA,breast,breast,5.406629883,0.971377628,65.8,0.087352117,-0.565732738
Cetuximab,1114,UACC-893,909778,BRCA,breast,breast,6.735765998,0.974481643,65.8,0.077921139,0.742849658
Cetuximab,1114,CAL-85-1,910852,BRCA,breast,breast,4.761189401,0.879372121,65.8,0.076339993,-1.201192149
Cetuximab,1114,CAL-51,910927,BRCA,breast,breast,6.105762755,0.980809292,65.8,0.115827065,0.122588766
Cetuximab,1114,MFM-223,910948,BRCA,breast,breast,7.147096828,0.984641938,65.8,0.097644269,1.147819681
Cetuximab,1114,MDA-MB-415,924240,BRCA,breast,breast,5.409929272,0.922106609,65.8,0.181647399,-0.562484371
Cetuximab,1114,MDA-MB-157,925338,BRCA,breast,breast,6.590904076,0.982474225,65.8,0.132009556,0.600227876
Cetuximab,1114,BT-474,946359,BRCA,breast,breast,6.959464593,0.97968708,65.8,0.036089321,0.963088985
Cetuximab,1114,CAMA-1,946382,BRCA,breast,breast,7.109185681,0.980504069,65.8,0.039397671,1.110494791
Cetuximab,1114,BT-483,949093,BRCA,breast,breast,6.394508862,0.935716008,65.8,0.107802089,0.406869712
Cetuximab,1114,MDA-MB-436,1240172,BRCA,breast,breast,6.912451997,0.969946081,65.8,0.076327878,0.916803391
Cetuximab,1114,EFM-192A,1290798,BRCA,breast,breast,6.020028586,0.95864885,65.8,0.102875972,0.038180387
Cetuximab,1114,HCC1428,1290905,BRCA,breast,breast,6.500620377,0.980622894,65.8,0.078852285,0.511340322
Cetuximab,1114,HCC202,1290906,BRCA,breast,breast,6.609871763,0.959303962,65.8,0.01959014,0.618902248
Cetuximab,1114,HDQ-P1,1290922,BRCA,breast,breast,5.433217658,0.93392464,65.8,0.080341192,-0.539556115
Cetuximab,1114,JIMT-1,1298157,BRCA,breast,breast,5.30420743,0.941937896,65.8,0.176743324,-0.666571333
Cetuximab,1114,HCC1500,1303900,BRCA,breast,breast,6.814509157,0.984733095,65.8,0.036031494,0.820375135
Cetuximab,1114,MDA-MB-330,1330941,BRCA,breast,breast,7.018862065,0.980638381,65.8,0.036997726,1.021567937
Cetuximab,1114,Daudi,906831,UNCLASSIFIED,blood,Burkitt_lymphoma,6.158417622,0.985216668,65.8,0.028069291,0.174429379
Cetuximab,1114,DG-75,906838,UNCLASSIFIED,blood,Burkitt_lymphoma,6.71310318,0.983883555,65.8,0.038324888,0.720537297
Cetuximab,1114,EB2,906846,UNCLASSIFIED,blood,Burkitt_lymphoma,6.311156383,0.989032745,65.8,0.03683319,0.324806193
Cetuximab,1114,EB-3,906847,UNCLASSIFIED,blood,Burkitt_lymphoma,6.699009659,0.977378937,65.8,0.048176867,0.706661718
Cetuximab,1114,JiyoyeP-2003,907268,UNCLASSIFIED,blood,Burkitt_lymphoma,6.224731851,0.98932579,65.8,0.031835036,0.239718127
Cetuximab,1114,NAMALWA,908159,UNCLASSIFIED,blood,Burkitt_lymphoma,5.900682015,0.988040261,65.8,0.076114455,-0.079320613
Cetuximab,1114,Raji,909262,UNCLASSIFIED,blood,Burkitt_lymphoma,6.73321471,0.989953558,65.8,0.042534634,0.740337823
Cetuximab,1114,Ramos-2G6-4C10,910401,UNCLASSIFIED,blood,Burkitt_lymphoma,6.588351939,0.992346757,65.8,0.040960197,0.597715205
Cetuximab,1114,CA46,910703,UNCLASSIFIED,blood,Burkitt_lymphoma,6.406125227,0.976653322,65.8,0.039719554,0.418306442
Cetuximab,1114,BL-41,910706,UNCLASSIFIED,blood,Burkitt_lymphoma,5.244077731,0.989121313,65.8,0.040040252,-0.725771188
Cetuximab,1114,ST486,910906,UNCLASSIFIED,blood,Burkitt_lymphoma,6.37979758,0.986277806,65.8,0.038469885,0.392385924
Cetuximab,1114,GA-10,1303896,UNCLASSIFIED,blood,Burkitt_lymphoma,6.4246047,0.983669859,65.8,0.043067097,0.436500148
Cetuximab,1114,P32-ISH,1330987,UNCLASSIFIED,blood,Burkitt_lymphoma,5.587530546,0.994406781,65.8,0.02886454,-0.387629517
Cetuximab,1114,C-33-A,687505,CESC,urogenital_system,cervix,6.48347676,0.983813516,65.8,0.040636743,0.494461813
Cetuximab,1114,ME-180,687514,CESC,urogenital_system,cervix,6.20381723,0.969057883,65.8,0.056373662,0.219126929
Cetuximab,1114,SW756,724839,CESC,urogenital_system,cervix,5.454559268,0.937051125,65.8,0.126168824,-0.518544532
Cetuximab,1114,Ca-Ski,906824,CESC,urogenital_system,cervix,5.598511802,0.946860506,65.8,0.030173161,-0.376818075
Cetuximab,1114,HT-3,907068,CESC,urogenital_system,cervix,5.137148624,0.938604588,65.8,0.118552314,-0.831046747
Cetuximab,1114,CAL-39,924107,CESC,urogenital_system,cervix,4.599378987,0.909430328,65.8,0.153950907,-1.360500332
Cetuximab,1114,SiHa,930297,CESC,urogenital_system,cervix,7.129572498,0.983948691,65.8,0.038169664,1.130566347
Cetuximab,1114,SKG-IIIa,930298,CESC,urogenital_system,cervix,6.476660021,0.965052219,65.8,0.03651178,0.487750487
Cetuximab,1114,TC-YIK,946357,UNCLASSIFIED,urogenital_system,cervix,6.090509706,0.989946264,65.8,0.032702885,0.10757159
Cetuximab,1114,OMC-1,949154,CESC,urogenital_system,cervix,5.355779011,0.945654366,65.8,0.077621295,-0.615797254
Cetuximab,1114,MS751,1240179,CESC,urogenital_system,cervix,6.324912331,0.989201739,65.8,0.067478061,0.338349419
Cetuximab,1114,SISO,1240212,CESC,urogenital_system,cervix,5.287504879,0.953248014,65.8,0.096436612,-0.683015596
Cetuximab,1114,HeLa,1298134,CESC,urogenital_system,cervix,6.135682523,0.986218724,65.8,0.046943344,0.152045855
Cetuximab,1114,H-EMC-SS,907290,UNCLASSIFIED,bone,chondrosarcoma,5.194333081,0.913977112,65.8,0.169870263,-0.774746589
Cetuximab,1114,CAL-78,1290765,UNCLASSIFIED,bone,chondrosarcoma,6.221569257,0.972624671,65.8,0.069529124,0.23660444
Cetuximab,1114,CHSA0011,1290767,UNCLASSIFIED,bone,chondrosarcoma,6.236965782,0.944328726,65.8,0.077821165,0.251762873
Cetuximab,1114,CHSA0108,1290768,UNCLASSIFIED,bone,chondrosarcoma,6.376116696,0.967557517,65.8,0.053233033,0.388761962
Cetuximab,1114,CHSA8926,1303912,UNCLASSIFIED,bone,chondrosarcoma,6.847580256,0.972863934,65.8,0.052227515,0.852934824
Cetuximab,1114,K-562,905940,LCML,blood,chronic_myeloid_leukaemia,6.425562461,0.97888609,65.8,0.032848697,0.437443099
Cetuximab,1114,EM-2,906855,LCML,blood,chronic_myeloid_leukaemia,6.782657434,0.976781597,65.8,0.048848004,0.789015967
Cetuximab,1114,KU812,907311,LCML,blood,chronic_myeloid_leukaemia,6.346976223,0.984163931,65.8,0.04148873,0.360072116
Cetuximab,1114,LAMA-84,907783,LCML,blood,chronic_myeloid_leukaemia,6.570595938,0.982557315,65.8,0.042820571,0.580233782
Cetuximab,1114,MEG-01,908126,LCML,blood,chronic_myeloid_leukaemia,6.6016398,0.98225981,65.8,0.042091764,0.610797583
Cetuximab,1114,RPMI-8866,910544,LCML,blood,chronic_myeloid_leukaemia,6.310558425,0.98417892,65.8,0.048620183,0.324217481
Cetuximab,1114,BV-173,910710,LCML,blood,chronic_myeloid_leukaemia,6.613822302,0.987136517,65.8,0.033239043,0.622791696
Cetuximab,1114,CML-T1,910951,LCML,blood,chronic_myeloid_leukaemia,6.802354125,0.99174586,65.8,0.023024216,0.808408069
Cetuximab,1114,JURL-MK1,1327771,LCML,blood,chronic_myeloid_leukaemia,6.654042109,0.982170733,65.8,0.043279012,0.662389545
Cetuximab,1114,KCL-22,1330931,LCML,blood,chronic_myeloid_leukaemia,6.043604073,0.989600812,65.8,0.035265211,0.061391304
Cetuximab,1114,HuTu-80,907073,UNCLASSIFIED,digestive_system,digestive_system_other,5.543303869,0.982579461,65.8,0.051850641,-0.431172274
Cetuximab,1114,ESS-1,907000,UNCLASSIFIED,urogenital_system,endometrium,5.191581419,0.96078239,65.8,0.110968733,-0.777455699
Cetuximab,1114,HEC-1,907051,UCEC,urogenital_system,endometrium,5.111699487,0.952794618,65.8,0.114392588,-0.85610234
Cetuximab,1114,MFE-296,908130,UCEC,urogenital_system,endometrium,6.192507232,0.966070524,65.8,0.078905523,0.207991828
Cetuximab,1114,SNG-M,909735,UCEC,urogenital_system,endometrium,5.841070747,0.96138944,65.8,0.087680925,-0.138010053
Cetuximab,1114,COLO-684,910691,UCEC,urogenital_system,endometrium,6.914843823,0.980818902,65.8,0.041780938,0.919158229
Cetuximab,1114,AN3-CA,910781,UCEC,urogenital_system,endometrium,6.654862089,0.979162533,65.8,0.047446271,0.663196845
Cetuximab,1114,KLE,924187,UCEC,urogenital_system,endometrium,6.879918813,0.958900013,65.8,0.060868035,0.884773298
Cetuximab,1114,RL95-2,930082,UNCLASSIFIED,urogenital_system,endometrium,5.910650546,0.970113175,65.8,0.155001649,-0.069506235
Cetuximab,1114,EN,1240127,UCEC,urogenital_system,endometrium,6.357220075,0.962899699,65.8,0.056306609,0.370157558
Cetuximab,1114,MFE-319,1240174,UCEC,urogenital_system,endometrium,4.357284597,0.898929116,65.8,0.175454217,-1.598850981
Cetuximab,1114,ES5,684057,UNCLASSIFIED,bone,ewings_sarcoma,6.414221151,0.967622849,65.8,0.042628694,0.426277171
Cetuximab,1114,ES7,684059,UNCLASSIFIED,bone,ewings_sarcoma,5.917683752,0.9655633,65.8,0.076867029,-0.062581789
Cetuximab,1114,EW-11,684062,UNCLASSIFIED,bone,ewings_sarcoma,7.191480369,0.976050311,65.8,0.046302996,1.191516877
Cetuximab,1114,SK-ES-1,684072,UNCLASSIFIED,bone,ewings_sarcoma,6.554230419,0.979435757,65.8,0.042378556,0.56412134
Cetuximab,1114,CADO-ES1,753539,UNCLASSIFIED,bone,ewings_sarcoma,5.77059185,0.977416841,65.8,0.011525558,-0.207399067
Cetuximab,1114,MHH-ES-1,908134,UNCLASSIFIED,bone,ewings_sarcoma,6.247006495,0.981496194,65.8,0.127632043,0.261648316
Cetuximab,1114,SK-PN-DW,909731,UNCLASSIFIED,bone,ewings_sarcoma,5.912594536,0.967255608,65.8,0.050757298,-0.067592306
Cetuximab,1114,ES8,949155,UNCLASSIFIED,bone,ewings_sarcoma,5.457325796,0.962109282,65.8,0.079756287,-0.515820785
Cetuximab,1114,ES4,949156,UNCLASSIFIED,bone,ewings_sarcoma,6.124272252,0.963867773,65.8,0.061244454,0.140812033
Cetuximab,1114,ES6,949157,UNCLASSIFIED,bone,ewings_sarcoma,5.922957751,0.951567241,65.8,0.102370137,-0.057389348
Cetuximab,1114,ES1,949158,UNCLASSIFIED,bone,ewings_sarcoma,6.313018691,0.972425397,65.8,0.065275557,0.326639703
Cetuximab,1114,EW-7,949160,UNCLASSIFIED,bone,ewings_sarcoma,6.498575032,0.989402188,65.8,0.034502582,0.509326606
Cetuximab,1114,EW-3,949161,UNCLASSIFIED,bone,ewings_sarcoma,6.90657309,0.979217943,65.8,0.044130057,0.911015395
Cetuximab,1114,EW-1,949163,UNCLASSIFIED,bone,ewings_sarcoma,5.454351775,0.955145388,65.8,0.123023719,-0.518748816
Cetuximab,1114,EW-18,949164,UNCLASSIFIED,bone,ewings_sarcoma,6.758365123,0.98158565,65.8,0.041704277,0.765099311
Cetuximab,1114,EW-16,949165,UNCLASSIFIED,bone,ewings_sarcoma,5.615404736,0.958807657,65.8,0.10753309,-0.360186372
Cetuximab,1114,EW-13,949166,UNCLASSIFIED,bone,ewings_sarcoma,6.921566425,0.979984686,65.8,0.042772589,0.925776873
Cetuximab,1114,EW-22,949167,UNCLASSIFIED,bone,ewings_sarcoma,4.518719453,0.916195864,65.8,0.089072851,-1.439912549
Cetuximab,1114,EW-24,949168,UNCLASSIFIED,bone,ewings_sarcoma,6.621065631,0.989830586,65.8,0.032243517,0.629923014
Cetuximab,1114,TC-71,1240221,UNCLASSIFIED,bone,ewings_sarcoma,6.367122097,0.987824566,65.8,0.038528362,0.379906455
Cetuximab,1114,HT-1080,907064,UNCLASSIFIED,soft_tissue,fibrosarcoma,6.316013216,0.986110784,65.8,0.037277693,0.32958792
Cetuximab,1114,SW684,909754,UNCLASSIFIED,soft_tissue,fibrosarcoma,6.705208359,0.958146587,65.8,0.04410532,0.712764562
Cetuximab,1114,Hs-633T,1240149,UNCLASSIFIED,soft_tissue,fibrosarcoma,6.262659545,0.991384303,65.8,0.025741637,0.277059308
Cetuximab,1114,42-MG-BA,687561,GBM,nervous_system,glioma,6.366560851,0.979127215,65.8,0.092934026,0.379353888
Cetuximab,1114,8-MG-BA,687562,GBM,nervous_system,glioma,5.82139556,0.976419574,65.8,0.085426489,-0.157380984
Cetuximab,1114,A172,687563,GBM,nervous_system,glioma,5.047566371,0.938168545,65.8,0.047553644,-0.919243703
Cetuximab,1114,GB-1,687568,GBM,nervous_system,glioma,5.475070074,0.94279736,65.8,0.042538497,-0.498350904
Cetuximab,1114,T98G,687586,GBM,nervous_system,glioma,5.611521253,0.974619599,65.8,0.204753114,-0.364009802
Cetuximab,1114,U-118-MG,687588,GBM,nervous_system,glioma,6.994687218,0.978490622,65.8,0.065126474,0.997766928
Cetuximab,1114,U-87-MG,687590,GBM,nervous_system,glioma,5.298777495,0.922192624,65.8,0.208650793,-0.6719173
Cetuximab,1114,YKG-1,687592,GBM,nervous_system,glioma,5.836181614,0.964402666,65.8,0.07464558,-0.142823581
Cetuximab,1114,D-542MG,753549,GBM,nervous_system,glioma,5.239402502,0.925457026,65.8,0.058890601,-0.73037412
Cetuximab,1114,SNB75,905982,GBM,nervous_system,glioma,6.776276223,0.965339197,65.8,0.040998262,0.782733434
Cetuximab,1114,U251,905983,GBM,nervous_system,glioma,5.993939664,0.979173032,65.8,0.109966527,0.012494904
Cetuximab,1114,SF539,905984,LGG,nervous_system,glioma,6.138915695,0.987043961,65.8,0.035077485,0.155229029
Cetuximab,1114,SF295,905985,GBM,nervous_system,glioma,6.241208233,0.976565196,65.8,0.0371704,0.255939719
Cetuximab,1114,SF268,905986,GBM,nervous_system,glioma,5.510604869,0.949449743,65.8,0.09282815,-0.463365618
Cetuximab,1114,Becker,906746,GBM,nervous_system,glioma,6.24064798,0.970105691,65.8,0.070090626,0.255388129
Cetuximab,1114,DBTRG-05MG,906835,GBM,nervous_system,glioma,6.926423679,0.970977673,65.8,0.068919555,0.930559015
Cetuximab,1114,DK-MG,906839,GBM,nervous_system,glioma,6.458336592,0.955239665,65.8,0.061245697,0.469710411
Cetuximab,1114,GAMG,906868,LGG,nervous_system,glioma,5.883210326,0.968671514,65.8,0.048113142,-0.09652212
Cetuximab,1114,GI-1,906871,LGG,nervous_system,glioma,5.434179506,0.965088157,65.8,0.070690145,-0.538609141
Cetuximab,1114,H4,907042,LGG,nervous_system,glioma,6.113996654,0.98163497,65.8,0.128875198,0.130695335
Cetuximab,1114,KALS-1,907271,LGG,nervous_system,glioma,7.208825845,0.968984271,65.8,0.049880018,1.208594123
Cetuximab,1114,KINGS-1,907279,LGG,nervous_system,glioma,6.864918565,0.968435523,65.8,0.072875788,0.870005014
Cetuximab,1114,KNS-42,907282,LGG,nervous_system,glioma,6.767802866,0.978314627,65.8,0.065503654,0.77439111
Cetuximab,1114,KS-1,907313,GBM,nervous_system,glioma,6.301682122,0.955945513,65.8,0.068178929,0.315478442
Cetuximab,1114,MOG-G-CCM,908144,LGG,nervous_system,glioma,4.611234909,0.886219094,65.8,0.201835775,-1.348827749
Cetuximab,1114,MOG-G-UVW,908145,LGG,nervous_system,glioma,5.659185715,0.967108826,65.8,0.044706397,-0.317082421
Cetuximab,1114,NMC-G1,908449,LGG,nervous_system,glioma,5.343641455,0.924725447,65.8,0.150692567,-0.627747115
Cetuximab,1114,no-11,908450,LGG,nervous_system,glioma,6.21562812,0.955150472,65.8,0.122435544,0.230755176
Cetuximab,1114,no-10,908452,LGG,nervous_system,glioma,6.155113063,0.961348051,65.8,0.100435548,0.171175922
Cetuximab,1114,SF126,909712,GBM,nervous_system,glioma,5.576577096,0.955352325,65.8,0.118271214,-0.398413583
Cetuximab,1114,SK-MG-1,909729,GBM,nervous_system,glioma,5.760293644,0.962888917,65.8,0.089380665,-0.217538022
Cetuximab,1114,SW1088,909745,GBM,nervous_system,glioma,7.09147177,0.977722678,65.8,0.040555914,1.093054807
Cetuximab,1114,LN-405,910694,GBM,nervous_system,glioma,6.586817833,0.972060816,65.8,0.066402395,0.596204823
Cetuximab,1114,AM-38,910933,GBM,nervous_system,glioma,7.072365506,0.989562285,65.8,0.03250211,1.074244003
Cetuximab,1114,CAS-1,910943,GBM,nervous_system,glioma,6.691728659,0.965533551,65.8,0.021310343,0.699493312
Cetuximab,1114,KNS-81-FD,924188,LGG,nervous_system,glioma,7.750816093,0.977522657,65.8,0.049460185,1.742203051
Cetuximab,1114,D-247MG,946367,GBM,nervous_system,glioma,6.64304971,0.967242199,65.8,0.048164277,0.651567133
Cetuximab,1114,D-263MG,946368,GBM,nervous_system,glioma,6.590240618,0.9752056,65.8,0.073920962,0.599574678
Cetuximab,1114,D-336MG,946369,LGG,nervous_system,glioma,6.554826447,0.973746455,65.8,0.042167244,0.564708151
Cetuximab,1114,D-392MG,946370,GBM,nervous_system,glioma,6.155549588,0.95336739,65.8,0.053321802,0.171605696
Cetuximab,1114,D-423MG,946372,GBM,nervous_system,glioma,5.94190176,0.964039612,65.8,0.029267797,-0.038738288
Cetuximab,1114,D-502MG,946373,LGG,nervous_system,glioma,5.718961447,0.917418296,65.8,0.098990054,-0.25823106
Cetuximab,1114,M059J,949094,GBM,nervous_system,glioma,6.352361699,0.975446486,65.8,0.058398695,0.365374311
Cetuximab,1114,Hs-683,1240150,LGG,nervous_system,glioma,5.260032319,0.951338905,65.8,0.145379462,-0.710063322
Cetuximab,1114,LN-18,1240168,GBM,nervous_system,glioma,6.035428288,0.992363976,65.8,0.066300986,0.053341949
Cetuximab,1114,LN-229,1240169,GBM,nervous_system,glioma,6.469786331,0.977800347,65.8,0.034855259,0.480983093
Cetuximab,1114,LNZTA3WT4,1240170,GBM,nervous_system,glioma,6.627508716,0.986328764,65.8,0.038136127,0.636266464
Cetuximab,1114,EoL-1-cell,906856,UNCLASSIFIED,blood,haematopoietic_neoplasm_other,6.184491727,0.982314588,65.8,0.045710139,0.200100275
Cetuximab,1114,SKM-1,909722,UNCLASSIFIED,blood,haematopoietic_neoplasm_other,6.754352141,0.978147386,65.8,0.083065939,0.761148386
Cetuximab,1114,AMO-1,1295741,MM,blood,haematopoietic_neoplasm_other,6.103763521,0.989590057,65.8,0.044440549,0.120620448
Cetuximab,1114,JJN-3,1327766,MM,blood,haematopoietic_neoplasm_other,6.037871901,0.989778503,65.8,0.058652906,0.055747774
Cetuximab,1114,KARPAS-620,1327775,MM,blood,haematopoietic_neoplasm_other,6.417728832,0.991534652,65.8,0.02606101,0.429730609
Cetuximab,1114,HC-1,907044,UNCLASSIFIED,blood,hairy_cell_leukaemia,6.746305275,0.98865228,65.8,0.029529214,0.753225956
Cetuximab,1114,MLMA,908142,UNCLASSIFIED,blood,hairy_cell_leukaemia,5.574657343,0.960871027,65.8,0.257378518,-0.400303649
Cetuximab,1114,Mo-T,908149,UNCLASSIFIED,blood,hairy_cell_leukaemia,6.85870713,0.979375597,65.8,0.075783779,0.863889633
Cetuximab,1114,BB30-HNC,753531,HNSC,aero_digestive_tract,head_and_neck,4.443168933,0.89728419,65.8,0.178032535,-1.514294758
Cetuximab,1114,BB49-HNC,753532,HNSC,aero_digestive_tract,head_and_neck,6.882741905,0.970480617,65.8,0.085815024,0.887552735
Cetuximab,1114,BHY,753535,HNSC,aero_digestive_tract,head_and_neck,4.242696592,0.885740503,65.8,0.209133098,-1.711667001
Cetuximab,1114,Ca9-22,753538,HNSC,aero_digestive_tract,head_and_neck,4.830976118,0.936530833,65.8,0.163039283,-1.132484611
Cetuximab,1114,HO-1-u-1,753561,HNSC,aero_digestive_tract,head_and_neck,5.918752443,0.980541899,65.8,0.057446032,-0.061529625
Cetuximab,1114,HSC-2,753562,HNSC,aero_digestive_tract,head_and_neck,3.801143004,0.852067112,65.8,0.248521104,-2.146392419
Cetuximab,1114,KOSC-2,753570,HNSC,aero_digestive_tract,head_and_neck,6.042472607,0.959367986,65.8,0.101481203,0.060277335
Cetuximab,1114,LB771-HNC,753583,HNSC,aero_digestive_tract,head_and_neck,5.216909203,0.925161068,65.8,0.129507105,-0.752519583
Cetuximab,1114,A253,906794,UNCLASSIFIED,aero_digestive_tract,head_and_neck,5.983537525,0.969023945,65.8,0.041444538,0.002253623
Cetuximab,1114,Detroit562,906837,HNSC,aero_digestive_tract,head_and_neck,6.520750146,0.986474957,65.8,0.044110398,0.531158804
Cetuximab,1114,HSC-3,907061,HNSC,aero_digestive_tract,head_and_neck,3.676548197,0.847492075,65.8,0.26128364,-2.269060496
Cetuximab,1114,HSC-4,907062,HNSC,aero_digestive_tract,head_and_neck,2.646171177,0.66955376,65.8,0.222924381,-3.283503798
Cetuximab,1114,SAS,909708,HNSC,aero_digestive_tract,head_and_neck,3.615842024,0.809014846,65.8,0.249889699,-2.32882791
Cetuximab,1114,SCC-9,909709,HNSC,aero_digestive_tract,head_and_neck,3.253897179,0.739836149,65.8,0.172064523,-2.685175652
Cetuximab,1114,SCC-25,910701,HNSC,aero_digestive_tract,head_and_neck,4.958935524,0.923843602,65.8,0.127494819,-1.006503966
Cetuximab,1114,SCC-4,910904,HNSC,aero_digestive_tract,head_and_neck,5.75497137,0.951122908,65.8,0.062771862,-0.222777992
Cetuximab,1114,SCC-15,910911,HNSC,aero_digestive_tract,head_and_neck,3.436830958,0.768426777,65.8,0.12193843,-2.505070755
Cetuximab,1114,CAL-27,910916,HNSC,aero_digestive_tract,head_and_neck,4.940797941,0.932758338,65.8,0.123248986,-1.024361069
Cetuximab,1114,HO-1-N-1,924111,HNSC,aero_digestive_tract,head_and_neck,5.360838342,0.960931095,65.8,0.123087606,-0.61081616
Cetuximab,1114,BICR22,1240121,HNSC,aero_digestive_tract,head_and_neck,6.695464483,0.979390961,65.8,0.046018649,0.703171365
Cetuximab,1114,BICR78,1240122,HNSC,aero_digestive_tract,head_and_neck,5.146146435,0.92221981,65.8,0.144320871,-0.822188079
Cetuximab,1114,NCI-H3118,1240140,UNCLASSIFIED,aero_digestive_tract,head_and_neck,0.449316766,0.355636532,65.8,0.222443663,-5.446386122
Cetuximab,1114,JHU-022,1240162,HNSC,aero_digestive_tract,head_and_neck,5.170660772,0.913578789,65.8,0.123081916,-0.79805283
Cetuximab,1114,OSC-20,1240196,HNSC,aero_digestive_tract,head_and_neck,5.06866897,0.918363339,65.8,0.135178482,-0.898467434
Cetuximab,1114,PCI-15A,1240204,HNSC,aero_digestive_tract,head_and_neck,4.70484281,0.920284925,65.8,0.221597764,-1.256667398
Cetuximab,1114,PCI-38,1240205,HNSC,aero_digestive_tract,head_and_neck,4.999993472,0.930232266,65.8,0.152756665,-0.966080936
Cetuximab,1114,PCI-6A,1240206,HNSC,aero_digestive_tract,head_and_neck,5.298548019,0.954134835,65.8,0.116469179,-0.672143227
Cetuximab,1114,PE-CA-PJ15,1240207,HNSC,aero_digestive_tract,head_and_neck,5.786492407,0.961931047,65.8,0.111297066,-0.191744396
Cetuximab,1114,BICR10,1290724,HNSC,aero_digestive_tract,head_and_neck,6.1328346,0.96912818,65.8,0.071598264,0.149241973
Cetuximab,1114,JHU-029,1298156,HNSC,aero_digestive_tract,head_and_neck,1.263441904,0.478133144,65.8,0.252441763,-4.644850589
Cetuximab,1114,KON,1298215,HNSC,aero_digestive_tract,head_and_neck,6.000910581,0.978727688,65.8,0.108912514,0.019358022
Cetuximab,1114,OSC-19,1298362,HNSC,aero_digestive_tract,head_and_neck,6.055694539,0.973175101,65.8,0.042727007,0.073294802
Cetuximab,1114,PCI-30,1298529,HNSC,aero_digestive_tract,head_and_neck,6.082447863,0.955772161,65.8,0.088598057,0.099634415
Cetuximab,1114,PCI-4B,1298531,HNSC,aero_digestive_tract,head_and_neck,4.884736448,0.932053835,65.8,0.146789886,-1.079555629
Cetuximab,1114,SAT,1299050,HNSC,aero_digestive_tract,head_and_neck,3.368264682,0.745313471,65.8,0.208419476,-2.572576724
Cetuximab,1114,SCC90,1299052,HNSC,aero_digestive_tract,head_and_neck,3.983876059,0.810177968,65.8,0.208603081,-1.966485142
Cetuximab,1114,SKN-3,1299059,HNSC,aero_digestive_tract,head_and_neck,6.69113215,0.976280159,65.8,0.121038488,0.698906026
Cetuximab,1114,L-428,907322,UNCLASSIFIED,blood,Hodgkin_lymphoma,6.46649498,0.990321059,65.8,0.098889795,0.477742639
Cetuximab,1114,L-540,907323,UNCLASSIFIED,blood,Hodgkin_lymphoma,6.423790695,0.985781645,65.8,0.040433291,0.435698732
Cetuximab,1114,RPMI-6666,909701,UNCLASSIFIED,blood,Hodgkin_lymphoma,6.658646297,0.971396632,65.8,0.03877447,0.666922534
Cetuximab,1114,KM-H2,909976,UNCLASSIFIED,blood,Hodgkin_lymphoma,6.293493509,0.991800871,65.8,0.026795455,0.307416457
Cetuximab,1114,HDLM-2,924110,UNCLASSIFIED,blood,Hodgkin_lymphoma,7.021241891,0.988764167,65.8,0.02751087,1.023910962
Cetuximab,1114,Hs-445,1322218,UNCLASSIFIED,blood,Hodgkin_lymphoma,5.750107147,0.975400822,65.8,0.051866064,-0.227566995
Cetuximab,1114,L-1236,1330935,UNCLASSIFIED,blood,Hodgkin_lymphoma,6.29733753,0.989997865,65.8,0.030480724,0.311201035
Cetuximab,1114,SUP-HD1,1331039,UNCLASSIFIED,blood,Hodgkin_lymphoma,6.359078945,0.986620093,65.8,0.037166265,0.371987682
Cetuximab,1114,BB65-RCC,753533,KIRC,kidney,kidney,5.626817608,0.939547154,65.8,0.11464965,-0.348949989
Cetuximab,1114,HA7-RCC,753558,KIRC,kidney,kidney,6.190938681,0.966268664,65.8,0.1002271,0.206447534
Cetuximab,1114,LB1047-RCC,753577,KIRC,kidney,kidney,5.013965015,0.918575524,65.8,0.177585745,-0.952325449
Cetuximab,1114,LB2241-RCC,753578,KIRC,kidney,kidney,3.027896804,0.732975229,65.8,0.248407174,-2.907681164
Cetuximab,1114,LB996-RCC,753585,KIRC,kidney,kidney,4.540608278,0.888316882,65.8,0.157601703,-1.418362212
Cetuximab,1114,786-0,905947,KIRC,kidney,kidney,4.925599768,0.943912863,65.8,0.150911133,-1.039324219
Cetuximab,1114,A498,905948,KIRC,kidney,kidney,6.893622732,0.953916876,65.8,0.08640122,0.898265301
Cetuximab,1114,ACHN,905950,KIRC,kidney,kidney,5.2618135,0.928189562,65.8,0.117128292,-0.708309685
Cetuximab,1114,CAKI-1,905963,KIRC,kidney,kidney,4.101250839,0.817468328,65.8,0.184218122,-1.850925442
Cetuximab,1114,RXF393,905978,KIRC,kidney,kidney,5.930989821,0.930956898,65.8,0.187299528,-0.049481485
Cetuximab,1114,SN12C,905979,KIRC,kidney,kidney,6.860072353,0.978148973,65.8,0.049138927,0.865233744
Cetuximab,1114,TK10,905980,KIRC,kidney,kidney,3.153944676,0.741307182,65.8,0.269800522,-2.783582492
Cetuximab,1114,U031,905981,KIRC,kidney,kidney,5.165266172,0.939594155,65.8,0.104779914,-0.803364008
Cetuximab,1114,G-401,907299,UNCLASSIFIED,kidney,kidney,5.715341611,0.95510868,65.8,0.058161388,-0.261794919
Cetuximab,1114,OS-RC-2,909250,KIRC,kidney,kidney,7.287223759,0.973247373,65.8,0.047610418,1.285779694
Cetuximab,1114,VMRC-RCZ,909781,KIRC,kidney,kidney,5.217063312,0.923398582,65.8,0.118438767,-0.752367857
Cetuximab,1114,RCC10RGB,909974,KIRC,kidney,kidney,5.273540444,0.867208616,65.8,0.112690149,-0.696764086
Cetuximab,1114,BFTC-909,910698,KIRC,kidney,kidney,6.131533553,0.973778314,65.8,0.136610964,0.147961044
Cetuximab,1114,A704,910920,KIRC,kidney,kidney,5.485728439,0.964601115,65.8,0.045069259,-0.48785736
Cetuximab,1114,769-P,910922,KIRC,kidney,kidney,4.615150522,0.8990456,65.8,0.250173411,-1.344972687
Cetuximab,1114,CAL-54,910952,KIRC,kidney,kidney,5.391372774,0.940173982,65.8,0.118186528,-0.580753911
Cetuximab,1114,SW156,1240220,KIRC,kidney,kidney,4.180331047,0.854149729,65.8,0.234501445,-1.773068128
Cetuximab,1114,KMRC-20,1298169,KIRC,kidney,kidney,6.510358216,0.979558571,65.8,0.096261942,0.520927575
Cetuximab,1114,NCC010,1509073,KIRC,kidney,kidney,6.567959044,0.979715787,65.8,0.061541467,0.577637665
Cetuximab,1114,NCC021,1509074,KIRC,kidney,kidney,5.953870451,0.964649652,65.8,0.137162579,-0.026954681
Cetuximab,1114,RCC-FG2,1524414,KIRC,kidney,kidney,5.677763471,0.941121865,65.8,0.061067543,-0.298791951
Cetuximab,1114,RCC-JF,1524415,KIRC,kidney,kidney,4.087216652,0.854251839,65.8,0.230515395,-1.864742604
Cetuximab,1114,RCC-JW,1524416,KIRC,kidney,kidney,4.680388559,0.912528873,65.8,0.198217232,-1.28074349
Cetuximab,1114,RCC-ER,1524417,KIRC,kidney,kidney,4.836400105,0.902959561,65.8,0.135698741,-1.127144501
Cetuximab,1114,RCC-AB,1524418,KIRC,kidney,kidney,5.749857154,0.945139805,65.8,0.131834208,-0.227813123
Cetuximab,1114,RCC-MF,1524419,KIRC,kidney,kidney,5.017349161,0.906136528,65.8,0.109840789,-0.948993636
Cetuximab,1114,HCT-116,905936,COREAD,digestive_system,large_intestine,5.883291599,0.977771175,65.8,0.147892705,-0.096442104
Cetuximab,1114,HT-29,905939,COREAD,digestive_system,large_intestine,6.473370979,0.970493559,65.8,0.068193257,0.484512308
Cetuximab,1114,COLO-205,905961,COREAD,digestive_system,large_intestine,6.354129413,0.984300474,65.8,0.030985692,0.367114689
Cetuximab,1114,SW620,905962,COREAD,digestive_system,large_intestine,6.655334584,0.985035339,65.8,0.09008562,0.663662033
Cetuximab,1114,HCC2998,905971,COREAD,digestive_system,large_intestine,2.895395998,0.725764473,65.8,0.276265954,-3.038132981
Cetuximab,1114,KM12,905989,COREAD,digestive_system,large_intestine,5.966716235,0.960747341,65.8,0.190717655,-0.014307544
Cetuximab,1114,HT-115,907289,COREAD,digestive_system,large_intestine,3.32215391,0.785981922,65.8,0.287127404,-2.617974441
Cetuximab,1114,GP5d,907291,COREAD,digestive_system,large_intestine,5.190606219,0.959234152,65.8,0.127317406,-0.778415819
Cetuximab,1114,LoVo,907790,COREAD,digestive_system,large_intestine,5.109555615,0.93095702,65.8,0.171073452,-0.858213059
Cetuximab,1114,LS-123,907792,COREAD,digestive_system,large_intestine,5.71100329,0.924578167,65.8,0.174241366,-0.266066151
Cetuximab,1114,LS-411N,907794,COREAD,digestive_system,large_intestine,5.773373898,0.945959892,65.8,0.082009813,-0.204660041
Cetuximab,1114,LS-513,907795,COREAD,digestive_system,large_intestine,6.415025624,0.974521162,65.8,0.046082714,0.427069203
Cetuximab,1114,NCI-H508,908442,COREAD,digestive_system,large_intestine,6.258184722,0.925101194,65.8,0.022762726,0.272653684
Cetuximab,1114,NCI-H747,908457,COREAD,digestive_system,large_intestine,5.427529587,0.9261646,65.8,0.093523055,-0.545156227
Cetuximab,1114,NCI-H716,908458,COREAD,digestive_system,large_intestine,6.986368009,0.980147153,65.8,0.041985679,0.989576367
Cetuximab,1114,RKO,909698,COREAD,digestive_system,large_intestine,5.856185506,0.976542354,65.8,0.116201287,-0.123129029
Cetuximab,1114,SK-CO-1,909718,COREAD,digestive_system,large_intestine,6.515816749,0.985159677,65.8,0.074740825,0.526301698
Cetuximab,1114,SNU-C2B,909740,COREAD,digestive_system,large_intestine,6.794915328,0.9669018,65.8,0.032217612,0.801084305
Cetuximab,1114,SW1116,909746,COREAD,digestive_system,large_intestine,4.016823697,0.79873294,65.8,0.097331915,-1.934047005
Cetuximab,1114,SW1417,909747,COREAD,digestive_system,large_intestine,7.125493778,0.981058051,65.8,0.032056226,1.126550701
Cetuximab,1114,SW1463,909748,COREAD,digestive_system,large_intestine,5.40397025,0.879691445,65.8,0.09242967,-0.568351243
Cetuximab,1114,SW48,909751,COREAD,digestive_system,large_intestine,4.017109408,0.851009629,65.8,0.220619961,-1.933765712
Cetuximab,1114,SW837,909755,COREAD,digestive_system,large_intestine,5.874691209,0.936832702,65.8,0.085083483,-0.104909497
Cetuximab,1114,SW948,909757,COREAD,digestive_system,large_intestine,7.109386796,0.972561027,65.8,0.158664439,1.110692796
Cetuximab,1114,CW-2,910554,COREAD,digestive_system,large_intestine,6.658035306,0.970500099,65.8,0.122462229,0.666320991
Cetuximab,1114,COLO-320-HSR,910569,COREAD,digestive_system,large_intestine,6.509840185,0.987838207,65.8,0.032977571,0.520417555
Cetuximab,1114,COLO-678,910689,COREAD,digestive_system,large_intestine,4.799214529,0.895725676,65.8,0.158050565,-1.16375504
Cetuximab,1114,C2BBe1,910700,COREAD,digestive_system,large_intestine,4.649601285,0.889700687,65.8,0.187483352,-1.311054669
Cetuximab,1114,SNU-C1,910905,COREAD,digestive_system,large_intestine,7.8591618,0.967185417,65.8,0.046435857,1.848873303
Cetuximab,1114,LS-1034,917486,COREAD,digestive_system,large_intestine,6.984327808,0.983419965,65.8,0.036884631,0.987567716
Cetuximab,1114,CaR-1,924108,COREAD,digestive_system,large_intestine,6.972533089,0.968025094,65.8,0.083121297,0.975955391
Cetuximab,1114,LS-180,998189,COREAD,digestive_system,large_intestine,5.780525316,0.937884475,65.8,0.150709668,-0.197619212
Cetuximab,1114,CCK-81,1240123,COREAD,digestive_system,large_intestine,4.875702394,0.92508836,65.8,0.212326336,-1.088449981
Cetuximab,1114,MDST8,1240173,COREAD,digestive_system,large_intestine,6.250193218,0.978569559,65.8,0.023104627,0.26478576
Cetuximab,1114,CL-11,1290769,COREAD,digestive_system,large_intestine,6.17368037,0.963544145,65.8,0.081156435,0.189456105
Cetuximab,1114,SNU-1040,1659823,COREAD,digestive_system,large_intestine,5.896615749,0.942038898,65.8,0.044175309,-0.083323998
Cetuximab,1114,SNU-407,1660034,COREAD,digestive_system,large_intestine,5.754964578,0.948986593,65.8,0.08442995,-0.222784679
Cetuximab,1114,SNU-61,1660035,COREAD,digestive_system,large_intestine,7.042607966,0.965579251,65.8,0.039431813,1.044946632
Cetuximab,1114,SNU-81,1660036,COREAD,digestive_system,large_intestine,6.805172676,0.970649393,65.8,0.092071154,0.811183033
Cetuximab,1114,SNU-C5,1674021,COREAD,digestive_system,large_intestine,6.967515134,0.982094997,65.8,0.047623482,0.971015033
Cetuximab,1114,DiFi,1789883,COREAD,digestive_system,large_intestine,0.228559479,0.320221006,65.8,0.118691675,-5.663729625
Cetuximab,1114,KY821,907300,LAML,blood,leukemia,6.473654751,0.986105405,65.8,0.027983832,0.484791691
Cetuximab,1114,MV-4-11,908156,UNCLASSIFIED,blood,leukemia,6.346366778,0.989065558,65.8,0.033584193,0.359472095
Cetuximab,1114,RS4-11,909703,ALL,blood,leukemia,6.407314448,0.983706925,65.8,0.041635313,0.419477273
Cetuximab,1114,HLE,907057,LIHC,digestive_system,liver,6.041755649,0.969722075,65.8,0.213378337,0.059571463
Cetuximab,1114,HuH-7,907071,LIHC,digestive_system,liver,5.349108812,0.942188649,65.8,0.160966391,-0.622364305
Cetuximab,1114,SK-HEP-1,909719,LIHC,digestive_system,liver,6.404828851,0.987204991,65.8,0.131425841,0.417030113
Cetuximab,1114,SNU-423,909737,LIHC,digestive_system,liver,6.728003279,0.981188382,65.8,0.042620558,0.735206981
Cetuximab,1114,SNU-449,909738,LIHC,digestive_system,liver,6.915442912,0.982505988,65.8,0.040069313,0.919748054
Cetuximab,1114,C3A,910850,LIHC,digestive_system,liver,6.782676529,0.985241969,65.8,0.083383948,0.789034766
Cetuximab,1114,Hep3B2-1-7,1240147,LIHC,digestive_system,liver,6.172833959,0.981943682,65.8,0.074478454,0.188622782
Cetuximab,1114,JHH-2,1240157,LIHC,digestive_system,liver,6.312980615,0.975309561,65.8,0.044959304,0.326602215
Cetuximab,1114,JHH-4,1240158,LIHC,digestive_system,liver,6.49628408,0.983212414,65.8,0.044501479,0.507071081
Cetuximab,1114,JHH-6,1240159,LIHC,digestive_system,liver,5.576650393,0.954265798,65.8,0.183963838,-0.39834142
Cetuximab,1114,JHH-7,1240160,LIHC,digestive_system,liver,6.412550579,0.985962919,65.8,0.037504317,0.424632432
Cetuximab,1114,SNU-398,1240217,LIHC,digestive_system,liver,6.364201931,0.982396883,65.8,0.081776183,0.377031446
Cetuximab,1114,huH-1,1298146,LIHC,digestive_system,liver,6.135730489,0.962667473,65.8,0.096033083,0.152093079
Cetuximab,1114,JHH-1,1298151,LIHC,digestive_system,liver,2.286411045,0.633577194,65.8,0.253075175,-3.637700611
Cetuximab,1114,Calu-3,687777,LUAD,lung,lung_NSCLC_adenocarcinoma,6.272182172,0.960616995,65.8,0.080666923,0.286434678
Cetuximab,1114,NCI-H1623,687798,LUAD,lung,lung_NSCLC_adenocarcinoma,5.864559173,0.950743824,65.8,0.092997918,-0.114884852
Cetuximab,1114,NCI-H1648,687799,LUAD,lung,lung_NSCLC_adenocarcinoma,6.231283741,0.961571693,65.8,0.067475941,0.246168699
Cetuximab,1114,NCI-H1693,687802,LUAD,lung,lung_NSCLC_adenocarcinoma,7.657252688,0.970840409,65.8,0.053166758,1.650086507
Cetuximab,1114,NCI-H1838,687807,LUAD,lung,lung_NSCLC_adenocarcinoma,6.591740435,0.957860991,65.8,0.07089714,0.601051302
Cetuximab,1114,NCI-H2085,687812,LUAD,lung,lung_NSCLC_adenocarcinoma,6.209633146,0.971454044,65.8,0.115579264,0.224852908
Cetuximab,1114,NCI-H2342,687819,LUAD,lung,lung_NSCLC_adenocarcinoma,5.646679829,0.953012851,65.8,0.064618244,-0.329394917
Cetuximab,1114,NCI-H2347,687820,LUAD,lung,lung_NSCLC_adenocarcinoma,6.004077174,0.957151747,65.8,0.119974857,0.022475647
Cetuximab,1114,NCI-H2405,687821,LUAD,lung,lung_NSCLC_adenocarcinoma,5.213978994,0.929818922,65.8,0.144651353,-0.75540448
Cetuximab,1114,VMRC-LCD,713869,LUAD,lung,lung_NSCLC_adenocarcinoma,6.101832364,0.990868877,65.8,0.02615589,0.118719154
Cetuximab,1114,NCI-H2030,722045,LUAD,lung,lung_NSCLC_adenocarcinoma,6.088124158,0.96638321,65.8,0.095948885,0.105222931
Cetuximab,1114,NCI-H2122,722046,LUAD,lung,lung_NSCLC_adenocarcinoma,6.604230094,0.983831455,65.8,0.056435085,0.613347821
Cetuximab,1114,NCI-H650,722066,LUAD,lung,lung_NSCLC_adenocarcinoma,5.045999724,0.904426901,65.8,0.181374738,-0.920786123
Cetuximab,1114,NCI-H2087,724834,LUAD,lung,lung_NSCLC_adenocarcinoma,5.554652498,0.951946593,65.8,0.076440574,-0.41999914
Cetuximab,1114,Calu-6,724859,LUAD,lung,lung_NSCLC_adenocarcinoma,6.838809704,0.980141259,65.8,0.041217838,0.844299899
Cetuximab,1114,NCI-H1355,724866,LUAD,lung,lung_NSCLC_adenocarcinoma,4.787411353,0.877872531,65.8,0.174492789,-1.175375692
Cetuximab,1114,NCI-H1792,724868,LUAD,lung,lung_NSCLC_adenocarcinoma,5.867564247,0.983063754,65.8,0.057242057,-0.111926248
Cetuximab,1114,NCI-H2009,724873,LUAD,lung,lung_NSCLC_adenocarcinoma,6.427294669,0.975252825,65.8,0.045457284,0.439148521
Cetuximab,1114,NCI-H2291,724874,LUAD,lung,lung_NSCLC_adenocarcinoma,6.396297634,0.950099165,65.8,0.043496992,0.408630822
Cetuximab,1114,SW1573,724878,LUAD,lung,lung_NSCLC_adenocarcinoma,5.917522093,0.944018077,65.8,0.109431496,-0.062740948
Cetuximab,1114,LXF-289,753592,LUAD,lung,lung_NSCLC_adenocarcinoma,5.259323618,0.946264803,65.8,0.081753212,-0.710761063
Cetuximab,1114,NCI-H1563,753600,LUAD,lung,lung_NSCLC_adenocarcinoma,5.507298562,0.937797924,65.8,0.13058471,-0.466620796
Cetuximab,1114,NCI-H292,753604,UNCLASSIFIED,lung,lung_NSCLC_adenocarcinoma,1.345388773,0.489966744,65.8,0.283923938,-4.564170944
Cetuximab,1114,PC-14,753608,LUAD,lung,lung_NSCLC_adenocarcinoma,5.503491403,0.957902072,65.8,0.127182228,-0.470369081
Cetuximab,1114,NCI-H23,905942,LUAD,lung,lung_NSCLC_adenocarcinoma,5.660931013,0.967945047,65.8,0.179883451,-0.315364113
Cetuximab,1114,NCI-H522,905944,LUAD,lung,lung_NSCLC_adenocarcinoma,6.849113168,0.982744521,65.8,0.046889046,0.854444031
Cetuximab,1114,A549,905949,LUAD,lung,lung_NSCLC_adenocarcinoma,5.947392865,0.95153176,65.8,0.15300438,-0.033332098
Cetuximab,1114,NCI-H322M,905967,LUAD,lung,lung_NSCLC_adenocarcinoma,6.931163539,0.96289053,65.8,0.035513042,0.935225578
Cetuximab,1114,EKVX,905970,LUAD,lung,lung_NSCLC_adenocarcinoma,4.879641829,0.839368583,65.8,0.106713411,-1.084571465
Cetuximab,1114,HOP-62,905972,LUAD,lung,lung_NSCLC_adenocarcinoma,6.102390393,0.973278233,65.8,0.102076527,0.119268553
Cetuximab,1114,ABC-1,906791,LUAD,lung,lung_NSCLC_adenocarcinoma,5.764775898,0.948565787,65.8,0.266065861,-0.213125081
Cetuximab,1114,COR-L105,906805,LUAD,lung,lung_NSCLC_adenocarcinoma,5.179922415,0.901348884,65.8,0.094610942,-0.788934409
Cetuximab,1114,LC-2-ad,907786,LUAD,lung,lung_NSCLC_adenocarcinoma,5.880571999,0.968256246,65.8,0.092451122,-0.099119648
Cetuximab,1114,NCI-H596,908459,UNCLASSIFIED,lung,lung_NSCLC_adenocarcinoma,6.328570999,0.958567752,65.8,0.171235587,0.34195151
Cetuximab,1114,NCI-H441,908460,LUAD,lung,lung_NSCLC_adenocarcinoma,7.429846673,0.969054686,65.8,0.046725586,1.426197092
Cetuximab,1114,NCI-H1793,908463,LUAD,lung,lung_NSCLC_adenocarcinoma,6.72790306,0.952233246,65.8,0.0959142,0.735108312
Cetuximab,1114,NCI-H358,908465,LUAD,lung,lung_NSCLC_adenocarcinoma,5.755793962,0.952045461,65.8,0.053138425,-0.221968121
Cetuximab,1114,NCI-H1573,908472,LUAD,lung,lung_NSCLC_adenocarcinoma,6.74918413,0.983589025,65.8,0.16588812,0.756060293
Cetuximab,1114,NCI-H1666,908473,LUAD,lung,lung_NSCLC_adenocarcinoma,2.975055529,0.721105346,65.8,0.167385423,-2.959705303
Cetuximab,1114,NCI-H1703,908474,UNCLASSIFIED,lung,lung_NSCLC_adenocarcinoma,6.524892943,0.97366933,65.8,0.050473772,0.535237537
Cetuximab,1114,NCI-H1755,908475,LUAD,lung,lung_NSCLC_adenocarcinoma,5.514263039,0.947948198,65.8,0.096873466,-0.459764017
Cetuximab,1114,NCI-H1993,908476,LUAD,lung,lung_NSCLC_adenocarcinoma,7.286716687,0.976581457,65.8,0.043914201,1.285280463
Cetuximab,1114,SK-LU-1,909721,LUAD,lung,lung_NSCLC_adenocarcinoma,6.867719567,0.974910692,65.8,0.182915455,0.872762702
Cetuximab,1114,NCI-H838,910399,LUAD,lung,lung_NSCLC_adenocarcinoma,6.346700143,0.974313258,65.8,0.055059294,0.359800305
Cetuximab,1114,NCI-H1651,910900,LUAD,lung,lung_NSCLC_adenocarcinoma,6.468520159,0.980439186,65.8,0.05002186,0.4797365
Cetuximab,1114,RERF-LC-MS,910931,LUAD,lung,lung_NSCLC_adenocarcinoma,6.501263005,0.977022404,65.8,0.060582621,0.511973012
Cetuximab,1114,NCI-H1975,924244,LUAD,lung,lung_NSCLC_adenocarcinoma,4.24746439,0.856674712,65.8,0.142143655,-1.706972932
Cetuximab,1114,HCC-44,1240145,LUAD,lung,lung_NSCLC_adenocarcinoma,5.501649092,0.964724932,65.8,0.149016102,-0.472182903
Cetuximab,1114,HCC-827,1240146,LUAD,lung,lung_NSCLC_adenocarcinoma,6.670606952,0.969625614,65.8,0.029373167,0.678698229
Cetuximab,1114,NCI-H1944,1240185,LUAD,lung,lung_NSCLC_adenocarcinoma,4.175588456,0.866822615,65.8,0.184185255,-1.777737379
Cetuximab,1114,NCI-H2023,1240187,LUAD,lung,lung_NSCLC_adenocarcinoma,5.762491635,0.949654287,65.8,0.094975766,-0.215374021
Cetuximab,1114,NCI-H3122,1240190,LUAD,lung,lung_NSCLC_adenocarcinoma,6.817617657,0.982736831,65.8,0.039323461,0.823435566
Cetuximab,1114,PC-3_[JPC-3],1240202,LUAD,lung,lung_NSCLC_adenocarcinoma,4.229928183,0.843964828,65.8,0.278665518,-1.72423796
Cetuximab,1114,H3255,1247873,LUAD,lung,lung_NSCLC_adenocarcinoma,1.931642813,0.575746538,65.8,0.222639051,-3.986982718
Cetuximab,1114,HCC-78,1290908,LUAD,lung,lung_NSCLC_adenocarcinoma,5.526799679,0.94013625,65.8,0.103848951,-0.447421244
Cetuximab,1114,NCI-H1435,1298347,LUAD,lung,lung_NSCLC_adenocarcinoma,7.11594928,0.991111087,65.8,0.024519749,1.117153798
Cetuximab,1114,NCI-H1568,1298348,LUAD,lung,lung_NSCLC_adenocarcinoma,2.639723944,0.671401772,65.8,0.152839615,-3.289851331
Cetuximab,1114,NCI-H1781,1298350,LUAD,lung,lung_NSCLC_adenocarcinoma,6.756852424,0.986126039,65.8,0.034077426,0.763610005
Cetuximab,1114,RERF-LC-KJ,1298537,LUAD,lung,lung_NSCLC_adenocarcinoma,4.571867938,0.890888606,65.8,0.146129487,-1.38758595
Cetuximab,1114,EMC-BAC-1,1503369,LUAD,lung,lung_NSCLC_adenocarcinoma,2.679857115,0.680203183,65.8,0.158099666,-3.250338778
Cetuximab,1114,EMC-BAC-2,1503370,LUAD,lung,lung_NSCLC_adenocarcinoma,5.954585708,0.962201907,65.8,0.077912923,-0.026250484
Cetuximab,1114,NCI-H720,687600,UNCLASSIFIED,lung,lung_NSCLC_carcinoid,6.723237986,0.979394274,65.8,0.039371652,0.730515379
Cetuximab,1114,NCI-H727,724855,UNCLASSIFIED,lung,lung_NSCLC_carcinoid,6.790662591,0.958685105,65.8,0.068072785,0.796897332
Cetuximab,1114,NCI-H835,753607,UNCLASSIFIED,lung,lung_NSCLC_carcinoid,6.789104863,0.987935004,65.8,0.030562626,0.795363693
Cetuximab,1114,UMC-11,909779,UNCLASSIFIED,lung,lung_NSCLC_carcinoid,6.178381819,0.985553121,65.8,0.045512542,0.19408485
Cetuximab,1114,COR-L23,687780,UNCLASSIFIED,lung,lung_NSCLC_large_cell,6.585137826,0.984749764,65.8,0.037990945,0.594550796
Cetuximab,1114,NCI-H661,687829,UNCLASSIFIED,lung,lung_NSCLC_large_cell,7.027191161,0.978887545,65.8,0.035371358,1.029768232
Cetuximab,1114,NCI-H1299,724831,UNCLASSIFIED,lung,lung_NSCLC_large_cell,7.105117543,0.979499545,65.8,0.042015957,1.106489563
Cetuximab,1114,LU-65,724863,UNCLASSIFIED,lung,lung_NSCLC_large_cell,7.744437154,0.981984859,65.8,0.020187652,1.735922756
Cetuximab,1114,LCLC-103H,753586,UNCLASSIFIED,lung,lung_NSCLC_large_cell,7.000751633,0.984135331,65.8,0.089944663,1.003737564
Cetuximab,1114,NCI-H460,905943,UNCLASSIFIED,lung,lung_NSCLC_large_cell,5.885444258,0.977018217,65.8,0.015392091,-0.094322733
Cetuximab,1114,HOP-92,905973,UNCLASSIFIED,lung,lung_NSCLC_large_cell,6.58996207,0.966736339,65.8,0.072548347,0.599300438
Cetuximab,1114,LU-99A,907796,UNCLASSIFIED,lung,lung_NSCLC_large_cell,5.150791097,0.933808774,65.8,0.282089627,-0.817615241
Cetuximab,1114,NCI-H1155,908467,UNCLASSIFIED,lung,lung_NSCLC_large_cell,5.84957513,0.980460026,65.8,0.019259972,-0.129637182
Cetuximab,1114,NCI-H1581,908471,UNCLASSIFIED,lung,lung_NSCLC_large_cell,6.350038647,0.9863269,65.8,0.060999374,0.363087183
Cetuximab,1114,IA-LM,910779,UNCLASSIFIED,lung,lung_NSCLC_large_cell,6.553679086,0.972170955,65.8,0.098351668,0.563578533
Cetuximab,1114,NCI-H810,925341,UNCLASSIFIED,lung,lung_NSCLC_large_cell,6.037556357,0.977255246,65.8,0.071305542,0.055437109
Cetuximab,1114,LCLC-97TM1,946361,UNCLASSIFIED,lung,lung_NSCLC_large_cell,5.902821551,0.96502515,65.8,0.052021504,-0.077214162
Cetuximab,1114,NCI-H1915,1240184,UNCLASSIFIED,lung,lung_NSCLC_large_cell,6.715628417,0.984776991,65.8,0.05632179,0.723023485
Cetuximab,1114,ChaGo-K-1,687596,UNCLASSIFIED,lung,lung_NSCLC_not_specified,6.428213286,0.971991721,65.8,0.10226728,0.440052932
Cetuximab,1114,NCI-H1770,687804,UNCLASSIFIED,lung,lung_NSCLC_not_specified,6.381706015,0.982964548,65.8,0.102172952,0.394264848
Cetuximab,1114,BEN,753534,UNCLASSIFIED,lung,lung_NSCLC_not_specified,7.022017119,0.980307302,65.8,0.046512698,1.024674201
Cetuximab,1114,CAL-12T,753540,UNCLASSIFIED,lung,lung_NSCLC_not_specified,3.584569855,0.801025667,65.8,0.2037159,-2.359616488
Cetuximab,1114,A427,910851,UNCLASSIFIED,lung,lung_NSCLC_not_specified,5.329975067,0.945380641,65.8,0.164596451,-0.641202167
Cetuximab,1114,HCC-366,1240144,UNCLASSIFIED,lung,lung_NSCLC_not_specified,4.814925753,0.91939719,65.8,0.133847009,-1.148286774
Cetuximab,1114,NCI-H647,1240191,UNCLASSIFIED,lung,lung_NSCLC_not_specified,1.909716278,0.577348876,65.8,0.054430821,-4.008570182
Cetuximab,1114,NCI-H2110,1298351,UNCLASSIFIED,lung,lung_NSCLC_not_specified,4.403128737,0.889494269,65.8,0.186054768,-1.553715774
Cetuximab,1114,NCI-H2135,1298352,UNCLASSIFIED,lung,lung_NSCLC_not_specified,6.717395592,0.987328196,65.8,0.06283961,0.724763332
Cetuximab,1114,NCI-H2172,1298353,UNCLASSIFIED,lung,lung_NSCLC_not_specified,7.275254687,0.978190837,65.8,0.075038218,1.273995712
Cetuximab,1114,NCI-H2444,1298356,UNCLASSIFIED,lung,lung_NSCLC_not_specified,6.767730102,0.981496249,65.8,0.047135254,0.77431947
Cetuximab,1114,LK-2,687787,LUSC,lung,lung_NSCLC_squamous_cell_carcinoma,6.81783166,0.988034237,65.8,0.041440867,0.823646259
Cetuximab,1114,NCI-H2170,687815,LUSC,lung,lung_NSCLC_squamous_cell_carcinoma,6.753526252,0.978570116,65.8,0.068925006,0.760335269
Cetuximab,1114,EBC-1,753554,LUSC,lung,lung_NSCLC_squamous_cell_carcinoma,6.748807746,0.975945524,65.8,0.05117651,0.755689729
Cetuximab,1114,EPLC-272H,753556,LUSC,lung,lung_NSCLC_squamous_cell_carcinoma,5.475271495,0.945909691,65.8,0.099150802,-0.498152597
Cetuximab,1114,KNS-62,753569,LUSC,lung,lung_NSCLC_squamous_cell_carcinoma,7.27042918,0.976800184,65.8,0.044653761,1.269244826
Cetuximab,1114,NCI-H226,905941,LUSC,lung,lung_NSCLC_squamous_cell_carcinoma,5.594459318,0.962397514,65.8,0.091509492,-0.380807892
Cetuximab,1114,NCI-H520,908443,LUSC,lung,lung_NSCLC_squamous_cell_carcinoma,6.115936303,0.975447654,65.8,0.115969711,0.13260499
Cetuximab,1114,SK-MES-1,909728,LUSC,lung,lung_NSCLC_squamous_cell_carcinoma,3.506005393,0.793636458,65.8,0.275640587,-2.436966031
Cetuximab,1114,HARA,1240142,LUSC,lung,lung_NSCLC_squamous_cell_carcinoma,5.64505924,0.94717148,65.8,0.096583517,-0.330990445
Cetuximab,1114,HCC-15,1240143,LUSC,lung,lung_NSCLC_squamous_cell_carcinoma,6.865177454,0.975451198,65.8,0.034916087,0.870259899
Cetuximab,1114,NCI-H1869,1240183,LUSC,lung,lung_NSCLC_squamous_cell_carcinoma,4.839273697,0.904423642,65.8,0.145214491,-1.124315346
Cetuximab,1114,LC-1-sq,1298223,LUSC,lung,lung_NSCLC_squamous_cell_carcinoma,5.860697017,0.955277292,65.8,0.077121218,-0.118687284
Cetuximab,1114,LOU-NH91,1298226,LUSC,lung,lung_NSCLC_squamous_cell_carcinoma,5.415086257,0.946030448,65.8,0.116094324,-0.557407133
Cetuximab,1114,RERF-LC-Sq1,1298538,LUSC,lung,lung_NSCLC_squamous_cell_carcinoma,4.604608184,0.859270019,65.8,0.130618266,-1.355351999
Cetuximab,1114,COR-L321,1322213,UNCLASSIFIED,lung,lung_other,6.402710419,0.985131651,65.8,0.023751473,0.41494444
Cetuximab,1114,DMS-114,687983,SCLC,lung,lung_small_cell_carcinoma,5.677240848,0.951056018,65.8,0.151413932,-0.299306493
Cetuximab,1114,DMS-273,687985,SCLC,lung,lung_small_cell_carcinoma,6.688774737,0.980678309,65.8,0.041927914,0.696585069
Cetuximab,1114,NCI-H1048,687995,SCLC,lung,lung_small_cell_carcinoma,6.229019746,0.988320029,65.8,0.035374722,0.243939714
Cetuximab,1114,NCI-H1092,687997,SCLC,lung,lung_small_cell_carcinoma,7.185285228,0.983454706,65.8,0.039654831,1.185417537
Cetuximab,1114,NCI-H1694,688006,SCLC,lung,lung_small_cell_carcinoma,5.733789631,0.966772786,65.8,0.131651156,-0.243632178
Cetuximab,1114,NCI-H187,688007,SCLC,lung,lung_small_cell_carcinoma,6.987407961,0.985012578,65.8,0.035957082,0.990600238
Cetuximab,1114,NCI-H2029,688011,SCLC,lung,lung_small_cell_carcinoma,6.503437689,0.990059374,65.8,0.065886662,0.514114067
Cetuximab,1114,NCI-H209,688013,SCLC,lung,lung_small_cell_carcinoma,6.940601534,0.980509871,65.8,0.041808483,0.944517624
Cetuximab,1114,NCI-H2141,688014,SCLC,lung,lung_small_cell_carcinoma,6.694873772,0.987993096,65.8,0.030920509,0.702589788
Cetuximab,1114,NCI-H2227,688018,SCLC,lung,lung_small_cell_carcinoma,6.985360875,0.983431747,65.8,0.036857875,0.988584808
Cetuximab,1114,NCI-H345,688021,SCLC,lung,lung_small_cell_carcinoma,7.736685985,0.986899069,65.8,0.036319553,1.72829145
Cetuximab,1114,NCI-H446,688023,SCLC,lung,lung_small_cell_carcinoma,6.662166573,0.983963006,65.8,0.038645538,0.670388373
Cetuximab,1114,NCI-H526,688025,SCLC,lung,lung_small_cell_carcinoma,6.768874258,0.98552385,65.8,0.035032979,0.775445933
Cetuximab,1114,NCI-H69,688027,SCLC,lung,lung_small_cell_carcinoma,6.922294642,0.980915222,65.8,0.045345081,0.926493829
Cetuximab,1114,NCI-H82,688031,SCLC,lung,lung_small_cell_carcinoma,6.812815348,0.980116696,65.8,0.054313066,0.81870752
Cetuximab,1114,LU-139,713878,SCLC,lung,lung_small_cell_carcinoma,7.39366188,0.982896345,65.8,0.030215167,1.390571859
Cetuximab,1114,SBC-5,713880,SCLC,lung,lung_small_cell_carcinoma,4.934116491,0.956380742,65.8,0.09341229,-1.030939198
Cetuximab,1114,SBC-1,713885,SCLC,lung,lung_small_cell_carcinoma,6.924314559,0.981523919,65.8,0.040369623,0.928482511
Cetuximab,1114,LU-135,713899,SCLC,lung,lung_small_cell_carcinoma,6.790796874,0.989609835,65.8,0.027383519,0.797029538
Cetuximab,1114,SHP-77,724872,SCLC,lung,lung_small_cell_carcinoma,5.619283944,0.97653471,65.8,0.051447973,-0.356367153
Cetuximab,1114,CPC-N,753547,SCLC,lung,lung_small_cell_carcinoma,6.585309695,0.97797546,65.8,0.034326924,0.594720007
Cetuximab,1114,DMS-79,753551,SCLC,lung,lung_small_cell_carcinoma,7.394592795,0.984068909,65.8,0.033145989,1.391488379
Cetuximab,1114,IST-SL1,753564,SCLC,lung,lung_small_cell_carcinoma,6.560432116,0.981164952,65.8,0.056283765,0.570227134
Cetuximab,1114,IST-SL2,753565,SCLC,lung,lung_small_cell_carcinoma,6.730508361,0.980415425,65.8,0.04349445,0.737673325
Cetuximab,1114,LU-134-A,753588,SCLC,lung,lung_small_cell_carcinoma,7.020089998,0.981549442,65.8,0.039567552,1.022776881
Cetuximab,1114,LU-165,753589,SCLC,lung,lung_small_cell_carcinoma,7.352606349,0.983532804,65.8,0.033225666,1.350151209
Cetuximab,1114,MS-1,753594,SCLC,lung,lung_small_cell_carcinoma,6.477880263,0.988587721,65.8,0.031784844,0.48895186
Cetuximab,1114,NCI-H1304,753599,SCLC,lung,lung_small_cell_carcinoma,6.93420891,0.984672858,65.8,0.035206488,0.938223855
Cetuximab,1114,SBC-3,753610,SCLC,lung,lung_small_cell_carcinoma,5.956501196,0.982637045,65.8,0.059516413,-0.024364617
Cetuximab,1114,COR-L88,906808,SCLC,lung,lung_small_cell_carcinoma,7.504917669,0.978879611,65.8,0.040136318,1.500107193
Cetuximab,1114,DMS-53,907295,SCLC,lung,lung_small_cell_carcinoma,4.55192532,0.891174879,65.8,0.192268409,-1.407220176
Cetuximab,1114,NCI-H1105,908468,SCLC,lung,lung_small_cell_carcinoma,6.32826221,0.990919759,65.8,0.026966172,0.341647496
Cetuximab,1114,NCI-H1436,908469,SCLC,lung,lung_small_cell_carcinoma,5.806682238,0.950370446,65.8,0.045140684,-0.17186678
Cetuximab,1114,NCI-H2081,908480,SCLC,lung,lung_small_cell_carcinoma,6.650313971,0.981928469,65.8,0.044199708,0.658719059
Cetuximab,1114,NCI-H524,908483,SCLC,lung,lung_small_cell_carcinoma,5.997435526,0.979271541,65.8,0.062434037,0.015936705
Cetuximab,1114,COLO-668,910692,SCLC,lung,lung_small_cell_carcinoma,6.818998963,0.985583548,65.8,0.034538087,0.824795511
Cetuximab,1114,NCI-H146,910899,SCLC,lung,lung_small_cell_carcinoma,6.381107558,0.991046227,65.8,0.027443014,0.393675646
Cetuximab,1114,COR-L279,910937,SCLC,lung,lung_small_cell_carcinoma,5.863101483,0.995023185,65.8,0.021547033,-0.11632
Cetuximab,1114,NCI-H1836,1240182,SCLC,lung,lung_small_cell_carcinoma,6.979173885,0.985576274,65.8,0.033365028,0.982493493
Cetuximab,1114,NCI-H196,1240186,SCLC,lung,lung_small_cell_carcinoma,4.95918782,0.924041335,65.8,0.089352326,-1.006255571
Cetuximab,1114,NCI-H211,1240189,SCLC,lung,lung_small_cell_carcinoma,6.566315986,0.984597606,65.8,0.038436675,0.576020016
Cetuximab,1114,NCI-H841,1240192,SCLC,lung,lung_small_cell_carcinoma,5.699102642,0.966012658,65.8,0.069010405,-0.277782769
Cetuximab,1114,NCI-H847,1240193,SCLC,lung,lung_small_cell_carcinoma,5.608592731,0.983606376,65.8,0.026436771,-0.366893037
Cetuximab,1114,COR-L95,1297439,SCLC,lung,lung_small_cell_carcinoma,6.366904892,0.972948316,65.8,0.027477621,0.379692609
Cetuximab,1114,NCI-H1688,1298349,SCLC,lung,lung_small_cell_carcinoma,6.144231524,0.974039353,65.8,0.022948222,0.160462655
Cetuximab,1114,SW1271,1299062,SCLC,lung,lung_small_cell_carcinoma,5.419131352,0.936288906,65.8,0.080798202,-0.553424592
Cetuximab,1114,COR-L32,1322212,SCLC,lung,lung_small_cell_carcinoma,8.238029126,0.963997774,65.8,0.05470148,2.221881837
Cetuximab,1114,NCI-H1341,1330964,SCLC,lung,lung_small_cell_carcinoma,5.818527198,0.984810666,65.8,0.043411911,-0.16020499
Cetuximab,1114,NCI-H1876,1330972,SCLC,lung,lung_small_cell_carcinoma,6.268779976,0.97911115,65.8,0.037185175,0.283085093
Cetuximab,1114,NCI-H2066,1330973,SCLC,lung,lung_small_cell_carcinoma,4.561594395,0.857557908,65.8,0.186693945,-1.397700624
Cetuximab,1114,CCRF-CEM,905952,ALL,blood,lymphoblastic_leukemia,6.514846662,0.987449057,65.8,0.027385501,0.525346612
Cetuximab,1114,MOLT-4,905958,ALL,blood,lymphoblastic_leukemia,6.02473311,0.989279837,65.8,0.034983649,0.04281216
Cetuximab,1114,BE-13,906763,ALL,blood,lymphoblastic_leukemia,6.414541414,0.981746249,65.8,0.071924198,0.426592481
Cetuximab,1114,697,906800,UNCLASSIFIED,blood,lymphoblastic_leukemia,6.309252485,0.993000625,65.8,0.023453457,0.322931736
Cetuximab,1114,GR-ST,906877,ALL,blood,lymphoblastic_leukemia,6.986358906,0.971162385,65.8,0.051311797,0.989567406
Cetuximab,1114,KARPAS-45,907272,ALL,blood,lymphoblastic_leukemia,6.106020604,0.989390435,65.8,0.033782551,0.122842627
Cetuximab,1114,KE-37,907277,ALL,blood,lymphoblastic_leukemia,5.61377976,0.992205499,65.8,0.026737273,-0.36178622
Cetuximab,1114,LC4-1,907787,ALL,blood,lymphoblastic_leukemia,6.624163378,0.975718786,65.8,0.035105506,0.632972858
Cetuximab,1114,P30-OHK,909252,ALL,blood,lymphoblastic_leukemia,5.96366138,0.989622075,65.8,0.03495526,-0.017315158
Cetuximab,1114,ALL-PO,910944,ALL,blood,lymphoblastic_leukemia,6.43166341,0.977464924,65.8,0.052166209,0.443449703
Cetuximab,1114,HAL-01,949153,ALL,blood,lymphoblastic_leukemia,6.462032998,0.978776304,65.8,0.050347597,0.473349657
Cetuximab,1114,LOUCY,907789,ALL,blood,lymphoblastic_T_cell_leukaemia,5.899233752,0.991084102,65.8,0.042109365,-0.080746479
Cetuximab,1114,MOLT-13,908146,ALL,blood,lymphoblastic_T_cell_leukaemia,6.27342123,0.985306351,65.8,0.039938533,0.287654575
Cetuximab,1114,MOLT-16,908147,ALL,blood,lymphoblastic_T_cell_leukaemia,5.880602964,0.989915219,65.8,0.03534419,-0.099089162
Cetuximab,1114,P12-ICHIKAWA,909251,ALL,blood,lymphoblastic_T_cell_leukaemia,6.118975693,0.990136338,65.8,0.031957962,0.135597379
Cetuximab,1114,PF-382,909260,ALL,blood,lymphoblastic_T_cell_leukaemia,6.367773165,0.987839095,65.8,0.034301337,0.380547455
Cetuximab,1114,RPMI-8402,909702,ALL,blood,lymphoblastic_T_cell_leukaemia,5.680715929,0.984665443,65.8,0.02375435,-0.295885149
Cetuximab,1114,SUP-T1,909743,ALL,blood,lymphoblastic_T_cell_leukaemia,6.432223832,0.984545597,65.8,0.036045911,0.444001458
Cetuximab,1114,ATN-1,910687,ALL,blood,lymphoblastic_T_cell_leukaemia,5.44847065,0.958542557,65.8,0.2142761,-0.524538995
Cetuximab,1114,SR,905965,UNCLASSIFIED,blood,lymphoid_neoplasm_other,6.05476683,0.984143581,65.8,0.039154402,0.07238144
Cetuximab,1114,DEL,906836,UNCLASSIFIED,blood,lymphoid_neoplasm_other,6.317168565,0.993912361,65.8,0.039558602,0.330725403
Cetuximab,1114,EHEB,906854,CLL,blood,lymphoid_neoplasm_other,7.245462417,0.973105939,65.8,0.039318937,1.244664148
Cetuximab,1114,H9,907043,UNCLASSIFIED,blood,lymphoid_neoplasm_other,6.368775517,0.985682506,65.8,0.044038565,0.381534306
Cetuximab,1114,JVM-2,907269,CLL,blood,lymphoid_neoplasm_other,7.508768701,0.970326755,65.8,0.048891846,1.503898672
Cetuximab,1114,JVM-3,907270,CLL,blood,lymphoid_neoplasm_other,6.832969657,0.98249741,65.8,0.039581521,0.838550163
Cetuximab,1114,WSU-NHL,909785,UNCLASSIFIED,blood,lymphoid_neoplasm_other,6.339164811,0.987664395,65.8,0.034929151,0.352381499
Cetuximab,1114,YT,946358,ALL,blood,lymphoid_neoplasm_other,6.333511639,0.989298083,65.8,0.031638488,0.346815748
Cetuximab,1114,EJM,1297447,MM,blood,lymphoid_neoplasm_other,6.532529269,0.99256648,65.8,0.02313207,0.542755776
Cetuximab,1114,Daoy,906833,MB,nervous_system,medulloblastoma,5.671528678,0.975659616,65.8,0.135929662,-0.30493033
Cetuximab,1114,D-283MED,906834,MB,nervous_system,medulloblastoma,6.461670088,0.988983798,65.8,0.031129675,0.472992359
Cetuximab,1114,ONS-76,909248,MB,nervous_system,medulloblastoma,6.201268705,0.972081254,65.8,0.103333324,0.216617815
Cetuximab,1114,CP50-MEL-B,753545,SKCM,skin,melanoma,6.481675651,0.986579495,65.8,0.035636767,0.492688557
Cetuximab,1114,CP66-MEL,753546,SKCM,skin,melanoma,6.930713622,0.983802946,65.8,0.036669624,0.934782619
Cetuximab,1114,LB2518-MEL,753579,SKCM,skin,melanoma,5.404879216,0.950257755,65.8,0.080275021,-0.567456333
Cetuximab,1114,LB373-MEL-D,753581,SKCM,skin,melanoma,6.3215827,0.975385224,65.8,0.068587158,0.335071278
Cetuximab,1114,MZ7-mel,753596,SKCM,skin,melanoma,6.146708034,0.971803804,65.8,0.091270029,0.162900868
Cetuximab,1114,SK-MEL-28,905954,SKCM,skin,melanoma,5.990978347,0.974518132,65.8,0.059069331,0.00957938
Cetuximab,1114,SK-MEL-2,905955,SKCM,skin,melanoma,6.022060027,0.968386811,65.8,0.083663871,0.040180414
Cetuximab,1114,SK-MEL-5,905956,SKCM,skin,melanoma,6.331097739,0.964629992,65.8,0.0827723,0.344439177
Cetuximab,1114,LOXIMVI,905974,SKCM,skin,melanoma,6.816212959,0.987797288,65.8,0.046556504,0.82205259
Cetuximab,1114,M14,905975,SKCM,skin,melanoma,5.659948282,0.949088608,65.8,0.142471474,-0.316331647
Cetuximab,1114,UACC-62,905976,SKCM,skin,melanoma,5.927682517,0.973481575,65.8,0.042082821,-0.052737645
Cetuximab,1114,UACC-257,905977,SKCM,skin,melanoma,6.78670853,0.978210361,65.8,0.05911505,0.793004416
Cetuximab,1114,A375,906793,SKCM,skin,melanoma,5.731867495,0.977246371,65.8,0.189449231,-0.24552459
Cetuximab,1114,COLO-800,906813,SKCM,skin,melanoma,6.308183856,0.983019594,65.8,0.043962793,0.321879633
Cetuximab,1114,COLO-792,906814,SKCM,skin,melanoma,6.924909928,0.978558214,65.8,0.040905129,0.929068672
Cetuximab,1114,COLO-679,906818,SKCM,skin,melanoma,6.856208174,0.980085774,65.8,0.041803825,0.86142932
Cetuximab,1114,C32,906830,SKCM,skin,melanoma,6.786002654,0.963771025,65.8,0.101406611,0.792309456
Cetuximab,1114,G-361,906865,SKCM,skin,melanoma,6.386517819,0.984802266,65.8,0.056408911,0.399002243
Cetuximab,1114,HMV-II,907058,SKCM,skin,melanoma,6.686924985,0.970663071,65.8,0.098241738,0.694763921
Cetuximab,1114,HT-144,907067,SKCM,skin,melanoma,6.523668458,0.97120457,65.8,0.117622914,0.534031988
Cetuximab,1114,IPC-298,907171,SKCM,skin,melanoma,6.428685642,0.981772352,65.8,0.052297853,0.440517984
Cetuximab,1114,IST-MEL1,907172,SKCM,skin,melanoma,6.359811372,0.96661194,65.8,0.040126379,0.372708782
Cetuximab,1114,MEL-HO,908124,SKCM,skin,melanoma,6.018588418,0.974275532,65.8,0.063993066,0.03676249
Cetuximab,1114,MEL-JUSO,908125,SKCM,skin,melanoma,6.453635395,0.979050933,65.8,0.054165456,0.465081914
Cetuximab,1114,Mewo,908128,SKCM,skin,melanoma,6.472188202,0.965101506,65.8,0.090089221,0.483347821
Cetuximab,1114,RVH-421,909706,SKCM,skin,melanoma,7.180313203,0.973782256,65.8,0.071299962,1.180522399
Cetuximab,1114,SH-4,909713,SKCM,skin,melanoma,6.565117722,0.956876434,65.8,0.065706496,0.574840281
Cetuximab,1114,SK-MEL-1,909723,SKCM,skin,melanoma,7.522627481,0.980597496,65.8,0.040771124,1.517543141
Cetuximab,1114,SK-MEL-3,909724,SKCM,skin,melanoma,5.961328204,0.962492623,65.8,0.095366077,-0.019612255
Cetuximab,1114,SK-MEL-24,909725,SKCM,skin,melanoma,7.012663758,0.978245257,65.8,0.06642978,1.01546548
Cetuximab,1114,SK-MEL-30,909726,SKCM,skin,melanoma,4.684396321,0.904748235,65.8,0.142823516,-1.276797703
Cetuximab,1114,SK-MEL-31,909727,SKCM,skin,melanoma,7.327759436,0.981410721,65.8,0.038542397,1.325688528
Cetuximab,1114,WM-115,909784,SKCM,skin,melanoma,4.685101883,0.882639965,65.8,0.147737735,-1.276103052
Cetuximab,1114,CHL-1,910853,SKCM,skin,melanoma,6.309053617,0.983728481,65.8,0.046138736,0.322735944
Cetuximab,1114,A101D,910921,SKCM,skin,melanoma,6.277933798,0.95657684,65.8,0.048783581,0.292097361
Cetuximab,1114,GAK,910932,SKCM,skin,melanoma,6.500934735,0.988016747,65.8,0.080414438,0.511649818
Cetuximab,1114,MMAc-SF,925339,SKCM,skin,melanoma,5.856432254,0.960575279,65.8,0.115091483,-0.122886097
Cetuximab,1114,MZ2-MEL,971777,SKCM,skin,melanoma,6.595364887,0.974315705,65.8,0.060686027,0.604619705
Cetuximab,1114,COLO-783,1240125,SKCM,skin,melanoma,4.142713023,0.869949182,65.8,0.151413882,-1.810104427
Cetuximab,1114,G-MEL,1240130,SKCM,skin,melanoma,6.310898505,0.982326599,65.8,0.114333995,0.324552303
Cetuximab,1114,IGR-37,1240153,SKCM,skin,melanoma,6.146514169,0.98149215,65.8,0.052348654,0.162710001
Cetuximab,1114,WM278,1240226,SKCM,skin,melanoma,5.894338057,0.957036131,65.8,0.11074203,-0.085566467
Cetuximab,1114,451Lu,1287706,SKCM,skin,melanoma,4.649929484,0.90865643,65.8,0.162765554,-1.310731546
Cetuximab,1114,Hs-939-T,1298144,SKCM,skin,melanoma,6.422733708,0.971744854,65.8,0.043204419,0.43465809
Cetuximab,1114,Hs-940-T,1298145,SKCM,skin,melanoma,6.914204692,0.976736083,65.8,0.044309793,0.918528982
Cetuximab,1114,K2,1298160,SKCM,skin,melanoma,4.909789866,0.887265363,65.8,0.162350902,-1.054889637
Cetuximab,1114,WM1552C,1299078,SKCM,skin,melanoma,5.931384814,0.964938722,65.8,0.17395514,-0.0490926
Cetuximab,1114,WM35,1299080,SKCM,skin,melanoma,4.867024581,0.92736567,65.8,0.167622285,-1.0969936
Cetuximab,1114,WM793B,1299081,SKCM,skin,melanoma,6.022995966,0.968999535,65.8,0.071629941,0.041101879
Cetuximab,1114,MPP-89,908150,MESO,lung,mesothelioma,6.953192197,0.974139407,65.8,0.059825526,0.956913586
Cetuximab,1114,NCI-H2452,908462,MESO,lung,mesothelioma,7.019295422,0.981077122,65.8,0.044527246,1.021994592
Cetuximab,1114,NCI-H2591,1240131,MESO,lung,mesothelioma,5.868750711,0.941167325,65.8,0.089324651,-0.110758132
Cetuximab,1114,NCI-H2595,1240132,MESO,lung,mesothelioma,7.355576217,0.976411513,65.8,0.061694724,1.353075151
Cetuximab,1114,NCI-H2731,1240134,MESO,lung,mesothelioma,4.594496401,0.886469434,65.8,0.112902242,-1.365307413
Cetuximab,1114,NCI-H2869,1240138,MESO,lung,mesothelioma,5.728234615,0.944697014,65.8,0.043979807,-0.249101292
Cetuximab,1114,NCI-H290,1240139,MESO,lung,mesothelioma,5.991718676,0.979674935,65.8,0.076780452,0.010308261
Cetuximab,1114,NCI-H513,1240141,MESO,lung,mesothelioma,5.246756256,0.914163076,65.8,0.095613737,-0.723134084
Cetuximab,1114,NCI-H2369,1290808,MESO,lung,mesothelioma,6.488977711,0.983705176,65.8,0.075633645,0.499877697
Cetuximab,1114,NCI-H2373,1290809,MESO,lung,mesothelioma,7.142956269,0.977924019,65.8,0.056096736,1.143743152
Cetuximab,1114,NCI-H2461,1290810,MESO,lung,mesothelioma,6.054987721,0.945565886,65.8,0.089626499,0.072598915
Cetuximab,1114,NCI-H2722,1290812,MESO,lung,mesothelioma,5.965137484,0.952826528,65.8,0.090416985,-0.015861881
Cetuximab,1114,NCI-H2818,1290814,MESO,lung,mesothelioma,5.850158245,0.953429647,65.8,0.072146919,-0.129063085
Cetuximab,1114,NCI-H929,724825,MM,blood,myeloma,6.081872297,0.989007571,65.8,0.038087697,0.099067749
Cetuximab,1114,IM-9,753563,MM,blood,myeloma,6.208833037,0.991752221,65.8,0.027304042,0.224065172
Cetuximab,1114,U-266,753615,MM,blood,myeloma,6.560073499,0.9880706,65.8,0.032095076,0.569874063
Cetuximab,1114,RPMI-8226,905964,MM,blood,myeloma,6.688746871,0.990117462,65.8,0.019615315,0.696557633
Cetuximab,1114,ARH-77,906765,MM,blood,myeloma,5.795168372,0.973271934,65.8,0.057211267,-0.183202596
Cetuximab,1114,LP-1,907791,MM,blood,myeloma,5.878020601,0.988201953,65.8,0.051234485,-0.101631591
Cetuximab,1114,OPM-2,909249,MM,blood,myeloma,6.126403299,0.991819507,65.8,0.027909581,0.142910125
Cetuximab,1114,L-363,924239,MM,blood,myeloma,6.43514747,0.991722884,65.8,0.02550485,0.446879885
Cetuximab,1114,MOLP-8,1330950,MM,blood,myeloma,6.245578012,0.98597198,65.8,0.039266064,0.260241924
Cetuximab,1114,KMS-11,1659817,MM,blood,myeloma,5.959796894,0.984508479,65.8,0.021226855,-0.021119884
Cetuximab,1114,SK-N-DZ,688086,NB,nervous_system,neuroblastoma,4.753337301,0.897810135,65.8,0.240187071,-1.208922824
Cetuximab,1114,SK-N-FI,688087,NB,nervous_system,neuroblastoma,5.917552176,0.969307803,65.8,0.12545877,-0.062711331
Cetuximab,1114,SK-N-SH,717431,NB,nervous_system,neuroblastoma,5.89290762,0.974168937,65.8,0.16544451,-0.086974784
Cetuximab,1114,BE2-M17,753616,NB,nervous_system,neuroblastoma,7.021809209,0.98730736,65.8,0.070023639,1.024469507
Cetuximab,1114,KELLY,753618,NB,nervous_system,neuroblastoma,5.740120564,0.974664539,65.8,0.068741725,-0.237399146
Cetuximab,1114,SIMA,753620,NB,nervous_system,neuroblastoma,6.840094999,0.983205009,65.8,0.038336273,0.845565319
Cetuximab,1114,GI-ME-N,906872,NB,nervous_system,neuroblastoma,6.550284054,0.965273834,65.8,0.106514977,0.560236001
Cetuximab,1114,GOTO,906875,NB,nervous_system,neuroblastoma,6.187167383,0.962815374,65.8,0.088375269,0.202734555
Cetuximab,1114,IMR-5,907170,NB,nervous_system,neuroblastoma,6.063871757,0.985103505,65.8,0.033940332,0.081345568
Cetuximab,1114,KP-N-YN,907314,NB,nervous_system,neuroblastoma,5.24100672,0.916155558,65.8,0.268070517,-0.728794709
Cetuximab,1114,MC-IXC,908118,NB,nervous_system,neuroblastoma,5.557464855,0.996500181,65.8,0.105530691,-0.417230273
Cetuximab,1114,CHP-126,910567,NB,nervous_system,neuroblastoma,6.741616194,0.982500589,65.8,0.027315199,0.748609387
Cetuximab,1114,TGW,910780,NB,nervous_system,neuroblastoma,5.729412505,0.981469099,65.8,0.051835719,-0.247941616
Cetuximab,1114,LAN-6,949170,NB,nervous_system,neuroblastoma,6.574202123,0.974410665,65.8,0.093977682,0.583784202
Cetuximab,1114,NB10,949171,NB,nervous_system,neuroblastoma,5.823988545,0.963477239,65.8,0.080601015,-0.154828097
Cetuximab,1114,NB12,949172,NB,nervous_system,neuroblastoma,2.377502508,0.640856832,65.8,0.271210845,-3.548017783
Cetuximab,1114,NB7,949174,NB,nervous_system,neuroblastoma,6.12153175,0.972365258,65.8,0.08541103,0.138113909
Cetuximab,1114,NB5,949176,NB,nervous_system,neuroblastoma,4.438943644,0.900717686,65.8,0.181172019,-1.518454708
Cetuximab,1114,NB13,949177,NB,nervous_system,neuroblastoma,5.712316147,0.975679154,65.8,0.095330773,-0.264773596
Cetuximab,1114,NB1,949179,NB,nervous_system,neuroblastoma,6.09583586,0.969117448,65.8,0.145008059,0.112815379
Cetuximab,1114,NB(TU)1-10,1240181,NB,nervous_system,neuroblastoma,6.154054725,0.982947029,65.8,0.048477267,0.17013395
Cetuximab,1114,TE-5,735784,ESCA,aero_digestive_tract,oesophagus,4.633404809,0.899112653,65.8,0.225704021,-1.327000684
Cetuximab,1114,EC-GI-10,753555,ESCA,aero_digestive_tract,oesophagus,4.543890948,0.903181511,65.8,0.152646693,-1.415130305
Cetuximab,1114,HCE-4,753559,ESCA,aero_digestive_tract,oesophagus,5.039536816,0.950192672,65.8,0.183716804,-0.92714909
Cetuximab,1114,KYSE-520,753575,ESCA,aero_digestive_tract,oesophagus,4.798049986,0.88862375,65.8,0.241409241,-1.164901575
Cetuximab,1114,KYSE-70,753576,ESCA,aero_digestive_tract,oesophagus,6.235857047,0.969078605,65.8,0.112862707,0.250671283
Cetuximab,1114,TE-15,753614,ESCA,aero_digestive_tract,oesophagus,5.992626161,0.958271175,65.8,0.059429564,0.011201712
Cetuximab,1114,TE-1,753621,ESCA,aero_digestive_tract,oesophagus,4.840219753,0.896784302,65.8,0.12674296,-1.123383919
Cetuximab,1114,TE-10,753622,ESCA,aero_digestive_tract,oesophagus,5.264060288,0.941942163,65.8,0.132541571,-0.706097641
Cetuximab,1114,TE-8,753623,ESCA,aero_digestive_tract,oesophagus,6.787716209,0.979524451,65.8,0.053159691,0.793996513
Cetuximab,1114,COLO-680N,906817,ESCA,aero_digestive_tract,oesophagus,5.498588188,0.939518369,65.8,0.119952133,-0.475196473
Cetuximab,1114,KYSE-150,907317,ESCA,aero_digestive_tract,oesophagus,6.129165415,0.98145663,65.8,0.078854589,0.145629528
Cetuximab,1114,KYSE-180,907318,ESCA,aero_digestive_tract,oesophagus,4.993000311,0.936750421,65.8,0.130073809,-0.972965955
Cetuximab,1114,KYSE-270,907319,ESCA,aero_digestive_tract,oesophagus,5.565705385,0.973205485,65.8,0.124739288,-0.409117175
Cetuximab,1114,KYSE-450,907320,ESCA,aero_digestive_tract,oesophagus,2.972315746,0.738358193,65.8,0.261730434,-2.962402718
Cetuximab,1114,KYSE-510,907321,ESCA,aero_digestive_tract,oesophagus,5.022924752,0.960044234,65.8,0.139535327,-0.943504265
Cetuximab,1114,OE19,910079,ESCA,aero_digestive_tract,oesophagus,6.446015847,0.972403897,65.8,0.05897918,0.457580195
Cetuximab,1114,OE33,910549,ESCA,aero_digestive_tract,oesophagus,5.955898458,0.954092378,65.8,0.104731864,-0.024958035
Cetuximab,1114,TE-9,946353,ESCA,aero_digestive_tract,oesophagus,5.950578312,0.965844337,65.8,0.048223156,-0.03019591
Cetuximab,1114,TE-11,946354,ESCA,aero_digestive_tract,oesophagus,6.316230133,0.98444896,65.8,0.081151413,0.329801482
Cetuximab,1114,TE-6,946355,ESCA,aero_digestive_tract,oesophagus,6.038010525,0.955673461,65.8,0.132626422,0.055884254
Cetuximab,1114,TE-12,946356,ESCA,aero_digestive_tract,oesophagus,6.287185072,0.951908311,65.8,0.070802983,0.301205574
Cetuximab,1114,KYSE-220,1240167,ESCA,aero_digestive_tract,oesophagus,4.053298131,0.853726192,65.8,0.244241681,-1.89813661
Cetuximab,1114,KYSE-50,1298222,ESCA,aero_digestive_tract,oesophagus,5.66852267,0.969427731,65.8,0.131221513,-0.307889853
Cetuximab,1114,OE21,1298359,ESCA,aero_digestive_tract,oesophagus,1.572539736,0.522575857,65.8,0.291029949,-4.340532636
Cetuximab,1114,T-T,1299064,ESCA,aero_digestive_tract,oesophagus,4.662973836,0.916135311,65.8,0.223669603,-1.297888911
Cetuximab,1114,FLO-1,1503361,ESCA,aero_digestive_tract,oesophagus,6.504972032,0.952249599,65.8,0.094083999,0.515624683
Cetuximab,1114,OACp4C,1503362,ESCA,aero_digestive_tract,oesophagus,6.38403314,0.971901049,65.8,0.080522246,0.396555986
Cetuximab,1114,OACM5-1,1503363,ESCA,aero_digestive_tract,oesophagus,6.928000416,0.982877646,65.8,0.043612663,0.932111369
Cetuximab,1114,SK-GT-4,1503365,ESCA,aero_digestive_tract,oesophagus,4.545188847,0.876936564,65.8,0.172856548,-1.413852477
Cetuximab,1114,ESO26,1503366,ESCA,aero_digestive_tract,oesophagus,5.957082199,0.973025605,65.8,0.056582435,-0.023792599
Cetuximab,1114,ESO51,1503367,ESCA,aero_digestive_tract,oesophagus,6.869089,0.968973152,65.8,0.096771348,0.874110958
Cetuximab,1114,KYAE-1,1503368,ESCA,aero_digestive_tract,oesophagus,6.257840036,0.977097022,65.8,0.055253718,0.272314329
Cetuximab,1114,TE-4,1503371,ESCA,aero_digestive_tract,oesophagus,6.427466321,0.986670885,65.8,0.042045572,0.439317518
Cetuximab,1114,CAL-72,906827,UNCLASSIFIED,bone,osteosarcoma,7.338774809,0.97657439,65.8,0.044471677,1.33653356
Cetuximab,1114,HOS,907060,UNCLASSIFIED,bone,osteosarcoma,6.189793415,0.983175464,65.8,0.098246504,0.205319978
Cetuximab,1114,HuO9,907072,UNCLASSIFIED,bone,osteosarcoma,6.589019717,0.978766006,65.8,0.063943055,0.598372657
Cetuximab,1114,Saos-2,909707,UNCLASSIFIED,bone,osteosarcoma,7.204986217,0.974159048,65.8,0.053819521,1.204813871
Cetuximab,1114,U-2-OS,909776,UNCLASSIFIED,bone,osteosarcoma,5.479804936,0.940754174,65.8,0.148684167,-0.493689262
Cetuximab,1114,HuO-3N1,909977,UNCLASSIFIED,bone,osteosarcoma,7.226105171,0.967057602,65.8,0.053802146,1.225606242
Cetuximab,1114,NY,910849,UNCLASSIFIED,bone,osteosarcoma,5.953286185,0.958819712,65.8,0.050418432,-0.027529912
Cetuximab,1114,NOS-1,925345,UNCLASSIFIED,bone,osteosarcoma,6.023119231,0.950282954,65.8,0.126651366,0.041223238
Cetuximab,1114,G-292-Clone-A141B1,1290807,UNCLASSIFIED,bone,osteosarcoma,5.78311731,0.91002985,65.8,0.106662066,-0.1950673
Cetuximab,1114,OVCAR-3,905933,OV,urogenital_system,ovary,6.411748751,0.972372916,65.8,0.064445363,0.423843004
Cetuximab,1114,SK-OV-3,905959,OV,urogenital_system,ovary,6.910294381,0.972609866,65.8,0.073322999,0.91467914
Cetuximab,1114,IGROV-1,905968,OV,urogenital_system,ovary,5.637842606,0.938498716,65.8,0.123870013,-0.338095481
Cetuximab,1114,OVCAR-5,905969,OV,urogenital_system,ovary,6.37356558,0.96450282,65.8,0.08889238,0.386250296
Cetuximab,1114,OVCAR-4,905990,OV,urogenital_system,ovary,6.992843802,0.964558728,65.8,0.068931374,0.995952019
Cetuximab,1114,OVCAR-8,905991,OV,urogenital_system,ovary,5.571289256,0.966708785,65.8,0.109809874,-0.403619652
Cetuximab,1114,A2780,906804,UNCLASSIFIED,urogenital_system,ovary,6.478277177,0.982807579,65.8,0.08760771,0.489342637
Cetuximab,1114,EFO-27,906852,UNCLASSIFIED,urogenital_system,ovary,7.049577779,0.976179479,65.8,0.047276942,1.051808664
Cetuximab,1114,OC-314,909257,OV,urogenital_system,ovary,5.350720303,0.962060286,65.8,0.062472485,-0.620777734
Cetuximab,1114,RMG-I,909699,UNCLASSIFIED,urogenital_system,ovary,1.583237097,0.524221337,65.8,0.207711163,-4.330000699
Cetuximab,1114,SW626,909753,OV,urogenital_system,ovary,6.437546839,0.968363081,65.8,0.084237994,0.449242151
Cetuximab,1114,TYK-nu,909774,UNCLASSIFIED,urogenital_system,ovary,6.436682475,0.979580475,65.8,0.078894696,0.448391154
Cetuximab,1114,KURAMOCHI,909975,UNCLASSIFIED,urogenital_system,ovary,5.232163208,0.922122865,65.8,0.144989643,-0.737501466
Cetuximab,1114,OAW-42,910548,OV,urogenital_system,ovary,6.620857689,0.978203601,65.8,0.085051539,0.629718288
Cetuximab,1114,EFO-21,911905,OV,urogenital_system,ovary,6.629901801,0.959708652,65.8,0.062320553,0.638622542
Cetuximab,1114,KGN,924186,UNCLASSIFIED,urogenital_system,ovary,6.634067363,0.975255922,65.8,0.074255983,0.642723688
Cetuximab,1114,OAW-28,946360,OV,urogenital_system,ovary,6.702865348,0.970962022,65.8,0.086321484,0.710457782
Cetuximab,1114,Caov-4,949090,OV,urogenital_system,ovary,4.927315191,0.885350101,65.8,0.074710407,-1.037635323
Cetuximab,1114,ES-2,1240128,UNCLASSIFIED,urogenital_system,ovary,5.510304369,0.965839198,65.8,0.05752647,-0.463661471
Cetuximab,1114,FU-OV-1,1240129,OV,urogenital_system,ovary,3.77005856,0.80226884,65.8,0.233279399,-2.176996174
Cetuximab,1114,OV-90,1240197,OV,urogenital_system,ovary,6.890781594,0.972492717,65.8,0.054373698,0.895468098
Cetuximab,1114,OVISE,1240198,OV,urogenital_system,ovary,6.839034839,0.967033086,65.8,0.028729855,0.844521554
Cetuximab,1114,OVMIU,1240200,OV,urogenital_system,ovary,2.728843594,0.683704354,65.8,0.205441063,-3.202109824
Cetuximab,1114,TOV-21G,1240222,OV,urogenital_system,ovary,5.562874073,0.949529314,65.8,0.203494732,-0.411904703
Cetuximab,1114,OVTOKO,1298365,OV,urogenital_system,ovary,3.092388078,0.725568766,65.8,0.197065676,-2.844187181
Cetuximab,1114,RKN,1298539,UNCLASSIFIED,urogenital_system,ovary,5.544749891,0.956870235,65.8,0.114625981,-0.429748613
Cetuximab,1114,TOV-112D,1299070,OV,urogenital_system,ovary,6.25925533,0.974318399,65.8,0.090286262,0.273707737
Cetuximab,1114,DOV13,1479987,OV,urogenital_system,ovary,6.241909166,0.968752883,65.8,0.073593561,0.256629812
Cetuximab,1114,Hey,1479988,OV,urogenital_system,ovary,5.925346149,0.978163074,65.8,0.124546774,-0.055037884
Cetuximab,1114,JHOS-2,1479995,OV,urogenital_system,ovary,6.96345555,0.979378636,65.8,0.043336119,0.967018226
Cetuximab,1114,JHOS-3,1480358,OV,urogenital_system,ovary,6.171738852,0.9548246,65.8,0.098611037,0.187544611
Cetuximab,1114,JHOS-4,1480359,OV,urogenital_system,ovary,6.829308625,0.971703278,65.8,0.046979891,0.834945745
Cetuximab,1114,OV-7,1480360,OV,urogenital_system,ovary,7.002846509,0.967943848,65.8,0.085061791,1.005800045
Cetuximab,1114,OV-17R,1480361,OV,urogenital_system,ovary,6.100233041,0.937568416,65.8,0.0717888,0.117144562
Cetuximab,1114,OV-56,1480362,OV,urogenital_system,ovary,4.998111752,0.943383053,65.8,0.094177816,-0.967933557
Cetuximab,1114,OVCA420,1480364,OV,urogenital_system,ovary,3.440483812,0.771232418,65.8,0.217024721,-2.501474389
Cetuximab,1114,OVCA433,1480367,OV,urogenital_system,ovary,4.052088036,0.855197692,65.8,0.222402258,-1.899327993
Cetuximab,1114,OVK-18,1480371,OV,urogenital_system,ovary,6.864107328,0.977308567,65.8,0.122631927,0.869206322
Cetuximab,1114,PEO1,1480372,OV,urogenital_system,ovary,6.117645268,0.971731399,65.8,0.03806257,0.134287527
Cetuximab,1114,UWB1.289,1480374,OV,urogenital_system,ovary,4.412737259,0.84645287,65.8,0.178453125,-1.544255838
Cetuximab,1114,HPAF-II,724869,PAAD,pancreas,pancreas,7.156421038,0.969344402,65.8,0.038912713,1.156999702
Cetuximab,1114,MIA-PaCa-2,724870,PAAD,pancreas,pancreas,6.216015687,0.964932529,65.8,0.088106236,0.23113675
Cetuximab,1114,KP-4,753572,PAAD,pancreas,pancreas,6.448878539,0.985989182,65.8,0.047136022,0.460398618
Cetuximab,1114,MZ1-PC,753595,PAAD,pancreas,pancreas,6.444838762,0.970561762,65.8,0.047712456,0.456421312
Cetuximab,1114,BxPC-3,906693,PAAD,pancreas,pancreas,6.743053762,0.982398153,65.8,0.043276807,0.750024725
Cetuximab,1114,CFPAC-1,906821,PAAD,pancreas,pancreas,6.402588319,0.974774546,65.8,0.05904792,0.414824228
Cetuximab,1114,YAPC,909904,PAAD,pancreas,pancreas,7.161870967,0.97927622,65.8,0.031446792,1.162365354
Cetuximab,1114,PSN1,910546,PAAD,pancreas,pancreas,5.598061839,0.97994301,65.8,0.050744978,-0.377261079
Cetuximab,1114,AsPC-1,910702,PAAD,pancreas,pancreas,5.182322549,0.87494024,65.8,0.289018584,-0.78657139
Cetuximab,1114,SW1990,910907,PAAD,pancreas,pancreas,5.42049805,0.923660004,65.8,0.094961,-0.552079027
Cetuximab,1114,CAPAN-2,910915,PAAD,pancreas,pancreas,5.464225169,0.924115163,65.8,0.021192328,-0.509028103
Cetuximab,1114,PANC-03-27,925346,PAAD,pancreas,pancreas,6.379830193,0.984515662,65.8,0.071517421,0.392418033
Cetuximab,1114,PANC-08-13,925347,PAAD,pancreas,pancreas,5.699508808,0.940076363,65.8,0.13675528,-0.277382884
Cetuximab,1114,PANC-10-05,925348,PAAD,pancreas,pancreas,5.98973428,0.954081135,65.8,0.03463705,0.008354551
Cetuximab,1114,PA-TU-8988T,1240201,PAAD,pancreas,pancreas,6.419100004,0.980790311,65.8,0.077980282,0.431080578
Cetuximab,1114,SU8686,1240218,PAAD,pancreas,pancreas,4.254149915,0.863924837,65.8,0.270037322,-1.700390792
Cetuximab,1114,SUIT-2,1240219,PAAD,pancreas,pancreas,5.607472435,0.958526125,65.8,0.123523798,-0.367996009
Cetuximab,1114,Hs-766T,1298141,PAAD,pancreas,pancreas,6.547907429,0.959790761,65.8,0.022187854,0.557896128
Cetuximab,1114,KP-1N,1298216,PAAD,pancreas,pancreas,6.337917021,0.977377665,65.8,0.054154671,0.351153006
Cetuximab,1114,KP-2,1298218,PAAD,pancreas,pancreas,6.814724343,0.984014685,65.8,0.037240207,0.820586994
Cetuximab,1114,KP-3,1298219,UNCLASSIFIED,pancreas,pancreas,5.158724227,0.916846807,65.8,0.205759637,-0.809804788
Cetuximab,1114,PANC-02-03,1298475,PAAD,pancreas,pancreas,4.802476316,0.896746657,65.8,0.126181352,-1.160543693
Cetuximab,1114,PA-TU-8902,1298526,PAAD,pancreas,pancreas,5.063749004,0.923655576,65.8,0.18491182,-0.903311318
Cetuximab,1114,PL4,1298533,PAAD,pancreas,pancreas,6.398802744,0.974443605,65.8,0.055471062,0.411097193
Cetuximab,1114,QGP-1,1298534,UNCLASSIFIED,pancreas,pancreas,7.703928286,0.971028648,65.8,0.046390201,1.696040315
Cetuximab,1114,PC-3,905934,PRAD,urogenital_system,prostate,7.023467364,0.980036627,65.8,0.041717335,1.026102019
Cetuximab,1114,DU-145,905935,PRAD,urogenital_system,prostate,4.863559227,0.911872327,65.8,0.111794858,-1.100405366
Cetuximab,1114,LNCaP-Clone-FGC,907788,PRAD,urogenital_system,prostate,5.970872952,0.960112187,65.8,0.177019151,-0.010215106
Cetuximab,1114,22RV1,924100,PRAD,urogenital_system,prostate,6.682231083,0.976192763,65.8,0.088538964,0.690142606
Cetuximab,1114,BPH-1,924105,UNCLASSIFIED,urogenital_system,prostate,4.225294015,0.860632268,65.8,0.203696016,-1.728800465
Cetuximab,1114,VCaP,1299075,PRAD,urogenital_system,prostate,4.986987033,0.932897778,65.8,0.039245201,-0.978886244
Cetuximab,1114,PWR-1E,1330993,PRAD,urogenital_system,prostate,6.034481802,0.97785848,65.8,0.061553946,0.052410099
Cetuximab,1114,A673,684052,UNCLASSIFIED,soft_tissue,rhabdomyosarcoma,6.350370477,0.987859038,65.8,0.034167873,0.363413882
Cetuximab,1114,RD,909264,UNCLASSIFIED,soft_tissue,rhabdomyosarcoma,6.720715309,0.979784859,65.8,0.051598617,0.728031713
Cetuximab,1114,SJRH30,909716,UNCLASSIFIED,soft_tissue,rhabdomyosarcoma,6.003285521,0.978016811,65.8,0.020704664,0.021696236
Cetuximab,1114,A204,910784,UNCLASSIFIED,soft_tissue,rhabdomyosarcoma,7.032667278,0.97119784,65.8,0.0686747,1.035159666
Cetuximab,1114,RH-1,971773,UNCLASSIFIED,soft_tissue,rhabdomyosarcoma,5.378811494,0.977761656,65.8,0.157299291,-0.593120944
Cetuximab,1114,RH-18,971774,UNCLASSIFIED,soft_tissue,rhabdomyosarcoma,6.585992662,0.987049926,65.8,0.033812709,0.595392412
Cetuximab,1114,KYM-1,1240166,UNCLASSIFIED,soft_tissue,rhabdomyosarcoma,6.343461789,0.987420556,65.8,0.052414177,0.356612029
Cetuximab,1114,RH-41,1240210,UNCLASSIFIED,soft_tissue,rhabdomyosarcoma,5.314637673,0.969959612,65.8,0.175571714,-0.656302384
Cetuximab,1114,DJM-1,906841,UNCLASSIFIED,skin,skin_other,6.550709582,0.98463919,65.8,0.12028979,0.560654949
Cetuximab,1114,A388,910697,UNCLASSIFIED,skin,skin_other,6.181148222,0.961501717,65.8,0.124281738,0.196808474
Cetuximab,1114,A431,910925,UNCLASSIFIED,skin,skin_other,5.813135327,0.976748798,65.8,0.064186337,-0.165513481
Cetuximab,1114,VA-ES-BJ,688121,UNCLASSIFIED,soft_tissue,soft_tissue_other,6.400478611,0.979207617,65.8,0.081437502,0.412747145
Cetuximab,1114,GCT,906999,UNCLASSIFIED,soft_tissue,soft_tissue_other,5.51914881,0.962619044,65.8,0.120107513,-0.4549538
Cetuximab,1114,G-402,907298,UNCLASSIFIED,soft_tissue,soft_tissue_other,6.621808549,0.965383349,65.8,0.059139347,0.630654444
Cetuximab,1114,SK-LMS-1,909720,UNCLASSIFIED,soft_tissue,soft_tissue_other,6.388910432,0.98423003,65.8,0.043799526,0.401357856
Cetuximab,1114,SK-UT-1,909732,UNCLASSIFIED,soft_tissue,soft_tissue_other,6.405345685,0.984883882,65.8,0.059768007,0.417538955
Cetuximab,1114,SW872,909756,UNCLASSIFIED,soft_tissue,soft_tissue_other,4.939689396,0.942990389,65.8,0.184805162,-1.025452472
Cetuximab,1114,SW982,909759,UNCLASSIFIED,soft_tissue,soft_tissue_other,6.113894347,0.974490203,65.8,0.075119644,0.130594611
Cetuximab,1114,MFH-ino,925343,UNCLASSIFIED,soft_tissue,soft_tissue_other,6.449886597,0.969081078,65.8,0.101966597,0.461391088
Cetuximab,1114,STS-0421,1299061,UNCLASSIFIED,soft_tissue,soft_tissue_other,5.994656013,0.958723425,65.8,0.090955416,0.013200175
Cetuximab,1114,ECC10,906848,UNCLASSIFIED,digestive_system,stomach,6.735796528,0.979700188,65.8,0.045180795,0.742879716
Cetuximab,1114,HGC-27,907055,STAD,digestive_system,stomach,5.99992176,0.989629625,65.8,0.034486585,0.018384493
Cetuximab,1114,MKN1,908138,UNCLASSIFIED,digestive_system,stomach,5.49557909,0.950803258,65.8,0.105967639,-0.478159039
Cetuximab,1114,SNU-1,908444,STAD,digestive_system,stomach,7.014012492,0.97723346,65.8,0.037235321,1.016793357
Cetuximab,1114,SNU-5,908445,STAD,digestive_system,stomach,6.927172517,0.979278662,65.8,0.057070546,0.931296273
Cetuximab,1114,SNU-16,908446,STAD,digestive_system,stomach,7.302040262,0.989861196,65.8,0.02660744,1.300367075
Cetuximab,1114,NUGC-3,908455,STAD,digestive_system,stomach,3.849004622,0.825861414,65.8,0.196370812,-2.099270931
Cetuximab,1114,NCI-N87,908461,STAD,digestive_system,stomach,6.483449456,0.949286714,65.8,0.133419943,0.494434932
Cetuximab,1114,RF-48,909697,STAD,digestive_system,stomach,7.053268063,0.979794043,65.8,0.041981552,1.055441882
Cetuximab,1114,SCH,909711,UNCLASSIFIED,digestive_system,stomach,6.885534104,0.986405957,65.8,0.032823357,0.890301755
Cetuximab,1114,TGBC11TKB,909770,STAD,digestive_system,stomach,5.994960834,0.979695985,65.8,0.040990603,0.013500282
Cetuximab,1114,23132-87,910924,STAD,digestive_system,stomach,6.295044054,0.980224439,65.8,0.029723943,0.308943024
Cetuximab,1114,MKN7,924250,STAD,digestive_system,stomach,6.222448167,0.971868854,65.8,0.048460332,0.237469758
Cetuximab,1114,MKN45,925340,STAD,digestive_system,stomach,7.262102278,0.978276237,65.8,0.042625622,1.261046691
Cetuximab,1114,Hs-746T,1240151,STAD,digestive_system,stomach,6.603573221,0.961908959,65.8,0.070845979,0.612701106
Cetuximab,1114,RERF-GC-1B,1240209,STAD,digestive_system,stomach,6.360751611,0.971493477,65.8,0.077715165,0.373634482
Cetuximab,1114,FU97,1290806,STAD,digestive_system,stomach,6.352896691,0.981759146,65.8,0.112305713,0.36590103
Cetuximab,1114,NUGC-4,1298357,STAD,digestive_system,stomach,-1.483794345,0.114575953,65.8,0.275375568,-7.349603664
Cetuximab,1114,OCUM-1,1298358,STAD,digestive_system,stomach,6.836602576,0.98057691,65.8,0.047221263,0.842126902
Cetuximab,1114,HSC-39,1322224,STAD,digestive_system,stomach,6.097761584,0.990222692,65.8,0.032734847,0.114711325
Cetuximab,1114,SK-GT-2,1503364,STAD,digestive_system,stomach,5.844993669,0.963702969,65.8,0.106532455,-0.134147795
Cetuximab,1114,HH,907056,UNCLASSIFIED,blood,T_cell_leukemia,7.048337322,0.972160247,65.8,0.053098267,1.05058739
Cetuximab,1114,Jurkat,998184,ALL,blood,T_cell_leukemia,5.799751799,0.989036714,65.8,0.084660784,-0.178690047
Cetuximab,1114,ALL-SIL,1295740,ALL,blood,T_cell_leukemia,6.005196591,0.987743494,65.8,0.038625751,0.023577754
Cetuximab,1114,DND-41,1297446,ALL,blood,T_cell_leukemia,6.11738044,0.987415338,65.8,0.03912428,0.134026795
Cetuximab,1114,NTERA-2-cl-D1,908454,UNCLASSIFIED,urogenital_system,testis,6.329461778,0.984152251,65.8,0.041709438,0.342828514
Cetuximab,1114,BHT-101,906696,THCA,thyroid,thyroid,6.227837254,0.978420763,65.8,0.070794066,0.242775508
Cetuximab,1114,8305C,906795,THCA,thyroid,thyroid,6.45077913,0.966997268,65.8,0.04602699,0.462269818
Cetuximab,1114,CAL-62,906828,THCA,thyroid,thyroid,6.384108232,0.984905044,65.8,0.039526853,0.396629916
Cetuximab,1114,FTC-133,906864,THCA,thyroid,thyroid,5.899591815,0.967473862,65.8,0.077008437,-0.080393954
Cetuximab,1114,B-CPAP,924104,THCA,thyroid,thyroid,6.267514293,0.987404041,65.8,0.036197622,0.281838983
Cetuximab,1114,HTC-C3,924151,THCA,thyroid,thyroid,6.026133259,0.961993274,65.8,0.118338992,0.044190658
Cetuximab,1114,K5,924238,THCA,thyroid,thyroid,4.663625743,0.919302955,65.8,0.150328184,-1.297247085
Cetuximab,1114,RO82-W-1,930083,THCA,thyroid,thyroid,6.338932541,0.963992198,65.8,0.022634339,0.352152821
Cetuximab,1114,TT,930299,THCA,thyroid,thyroid,7.687373232,0.976826724,65.8,0.043801796,1.679741268
Cetuximab,1114,IHH-4,1240154,THCA,thyroid,thyroid,5.592491914,0.983557782,65.8,0.052094898,-0.382744871
Cetuximab,1114,ML-1,1240178,THCA,thyroid,thyroid,6.895507278,0.977261428,65.8,0.061463624,0.900120704
Cetuximab,1114,TT2609-C02,1240223,THCA,thyroid,thyroid,6.376710128,0.976961266,65.8,0.028731689,0.389346217
Cetuximab,1114,ASH-3,1290722,THCA,thyroid,thyroid,5.417836737,0.959379133,65.8,0.132854859,-0.554699186
Cetuximab,1114,KMH-2,1298167,THCA,thyroid,thyroid,6.153806093,0.98832945,65.8,0.053788024,0.169889163
Cetuximab,1114,JAR,907175,UNCLASSIFIED,urogenital_system,urogenital_system_other,6.235884933,0.982295242,65.8,0.058575669,0.250698738
Cetuximab,1114,JEG-3,907176,UNCLASSIFIED,urogenital_system,urogenital_system_other,6.445279233,0.988018097,65.8,0.103725305,0.456854972
Cetuximab,1114,SW962,909758,UNCLASSIFIED,urogenital_system,urogenital_system_other,6.034392233,0.960780215,65.8,0.070918353,0.052321915
Cetuximab,1114,SW954,924247,UNCLASSIFIED,urogenital_system,urogenital_system_other,6.259841232,0.981880435,65.8,0.035459955,0.274284578
Cetuximab,1114,MES-SA,908127,UNCLASSIFIED,urogenital_system,uterus,6.327456288,0.984949683,65.8,0.034512857,0.340854036
Cetuximab,1114,SKN,1240215,UNCLASSIFIED,urogenital_system,uterus,6.653391325,0.977516638,65.8,0.04538694,0.661748825
