Drug Name,Drug ID
Camptothecin,1003
Vinblastine,1004
Cisplatin,1005
Cytarabine,1006
Docetaxel,1007
Methotrexate,1008
Tretinoin,1009
Gefitinib,1010
Navitoclax,1011
Vorinostat,1012
Nilotinib,1013
Refametinib,1014
Temsirolimus,1016
Olaparib,1017
Veliparib,1018
Bosutinib,1019
Lenalidomide,1020
Axitinib,1021
AZD7762,1022
GW441756,1023
Lestaurtinib,1024
SB216763,1025
Tanespimycin,1026
Motesanib,1029
KU-55933,1030
Elesclomol,1031
Afatinib,1032
Vismodegib,1033
Staurosporine,1034
PLX-4720,1036
BX795,1037
NU7441,1038
SL0101,1039
Doramapimod,1042
JNK Inhibitor VIII,1043
Wee1 Inhibitor,1046
Nutlin-3a (-),1047
Mirin,1048
PD173074,1049
ZM447439,1050
Alisertib,1051
RO-3306,1052
MK-2206,1053
Palbociclib,1054
Dactolisib,1057
Pictilisib,1058
AZD8055,1059
PD0325901,1060
SB590885,1061
Selumetinib,1062
CCT007093,1067
Obatoclax Mesylate,1068
EHT-1864,1069
Avagacestat,1072
5-Fluorouracil,1073
Dasatinib,1079
Paclitaxel,1080
Crizotinib,1083
Rapamycin,1084
Sorafenib,1085
BI-2536,1086
Irinotecan,1088
Oxaliplatin,1089
BMS-536924,1091
GSK1904529A,1093
Tozasertib,1096
PF-4708671,1129
PRIMA-1MET,1131
Serdemetan,1133
TW 37,1149
Erlotinib,1168
CCT-018159,1170
Rucaparib,1175
Niraparib,1177
MK-1775,1179
Dinaciclib,1180
Gemcitabine,1190
Bortezomib,1191
GSK269962A,1192
SB505124,1194
Tamoxifen,1199
Fulvestrant,1200
EPZ004777,1237
YK-4-279,1239
Piperlongumine,1243
Daporinad,1248
BMS-345541,1249
AZ960,1250
Talazoparib,1259
XAV939,1268
Trametinib,1372
Dabrafenib,1373
Temozolomide,1375
Bleomycin (50 uM),1378
AZD5438,1401
IAP_5620,1428
AZD2014,1441
AZD1208,1449
AZD1332,1463
SN-38,1494
Bicalutamide,1502
Ruxolitinib,1507
Linsitinib,1510
Epirubicin,1511
Cyclophosphamide,1512
Pevonedistat,1529
Sapitinib,1549
Uprosertib,1553
LCL161,1557
Lapatinib,1558
Luminespib,1559
Alpelisib,1560
Taselisib,1561
EPZ5676,1563
SCH772984,1564
IWP-2,1576
Leflunomide,1578
GSK2801,1580
Bromosporine,1581
SGC-CBP30,1582
GSK-LSD1,1583
BDOCA000347a,1584
BDF00022089a,1585
BDILV000379a,1586
Entinostat,1593
OSI-027,1594
LGK974,1598
VE-822,1613
WZ4003,1614
CZC24832,1615
AZD5582,1617
GSK2606414,1618
PFI3,1620
PCI-34051,1621
Wnt-C59,1622
I-BET-762,1624
RVX-208,1625
OTX015,1626
GSK343,1627
ML323,1629
Entospletinib,1630
PRT062607,1631
Ribociclib,1632
AGI-6780,1634
Picolinici-acid,1635
AZD5153,1706
CDK9_5576,1708
CDK9_5038,1709
Eg5_9814,1712
ERK_2440,1713
ERK_6604,1714
IRAK4_4710,1716
JAK1_8709,1718
AZD5991,1720
PAK_5339,1730
TAF1_5496,1732
ULK1_4989,1733
VSP34_8731,1734
Selumetinib,1736
IGF1R_3801,1738
JAK_8517,1739
GSK2256098C,1776
GSK2276186C,1777
GSK2110183B,1778
GSK626616AC,1779
GSK3337463A,1780
GSK2830371A,1782
LMB_AB1,1783
LMB_AB2,1784
LMB_AB3,1785
AZD4547,1786
Ibrutinib,1799
Zoledronate,1802
Acetalax,1803
Acetalax,1804
Oxaliplatin,1806
Carmustine,1807
Topotecan,1808
Teniposide,1809
Mitoxantrone,1810
Dactinomycin,1811
Bleomycin,1812
Fludarabine,1813
Nelarabine,1814
Dacarbazine,1815
Fulvestrant,1816
Romidepsin,1817
Vincristine,1818
Docetaxel,1819
123829,1820
765771,1821
123138,1824
Podophyllotoxin bromide,1825
50869,1826
Dihydrorotenone,1827
720427,1828
667880,1829
Gallibiscoquinazole,1830
L-Oxonoreleagnine,1831
729189,1832
741909,1833
743380,1834
Elephantin,1835
150412,1836
Sinularin,1838
615590,1839
630600,1840
LMP744,1843
776928,1844
Schweinfurthin A,1845
BEN,1847
Sabutoclax,1849
LY2109761,1852
OF-1,1853
MN-64,1854
KRAS (G12C) Inhibitor-12,1855
MG-132,1862
BDP-00009066,1866
Buparlisib,1873
Ulixertinib,1908
Venetoclax,1909
ABT737,1910
Dactinomycin,1911
Afuresertib,1912
AGI-5198,1913
AZD3759,1915
AZD5363,1916
AZD6738,1917
AZD8186,1918
Osimertinib,1919
Cediranib,1922
Ipatasertib,1924
GDC0810,1925
GNE-317,1926
GSK2578215A,1927
I-BRD9,1928
Telomerase Inhibitor IX,1930
MIRA-1,1931
NVP-ADW742,1932
P22077,1933
Savolitinib,1936
UMI-77,1939
WIKI4,1940
Sepantronium bromide,1941
MIM1,1996
WEHI-539,1997
BPD-00008900,1998
N25720-51-A1,1999
N27922-53-1,2000
N30652-18-1,2002
N29087-69-1,2003
HKMTI-1-005,2010
ICL-SIRT078,2011
GSK343,2037
UNC0638,2038
AGK2,2039
Foretinib,2040
BIBR-1532,2043
Pyridostatin,2044
AMG-319,2045
MK-8776,2046
Ulixertinib,2047
Vinorelbine,2048
Mycophenolic acid,2055
Remodelin,2057
VX-11e,2096
Uprosertib,2106
LJI308,2107
AZ6102,2109
GSK591,2110
VE821,2111
VTP-A,2112
VTP-B,2113
PBD-288,2145
POMHEX,2148
CT7033-2,2149
GSK-LSD1-2HCl ,2154
5-azacytidine,2156
A-366,2157
CPI-637,2158
UNC0379,2159
AZD6482,2169
AT13148,2170
BMS-754807,2171
JQ1,2172
PFI-1,2173
IOX2,2174
CHIR-99021,2175
SGC0946,2177
GSK2830371,2359
THR-101,2360
THR-102,2361
THR-103,2362
ascorbate (vitamin C),2438
glutathione,2439
alpha-lipoic acid,2498
N-acetyl cysteine,2499